batch,config,context,cuda_graph,experiment,head_dim,hidden_dim,indexer_head_dim,indexer_kv_heads,indexer_q_heads,median_ms,min_ms,num_k_heads,num_q_heads,p90_ms,page_size,peak_allocated_gib,phase,query_tokens,query_tokens_per_request,status,top_k,variant
1,2,16384,False,3,128,8192,64,1,8,3.4137279987335205,3.4034879207611084,1,64,3.4281280040740967,128,1.3332161903381348,prefill,2048,2048,ok,0,dense
1,2,16384,False,3,128,8192,64,1,8,2.2087039947509766,2.200256109237671,1,64,2.216576099395752,128,0.5424737930297852,prefill,2048,2048,ok,2048,sparse
2,2,16384,False,3,128,8192,64,1,8,3.5042879581451416,3.494688034057617,1,64,3.515360116958618,128,1.342066764831543,prefill,2048,1024,ok,0,dense
2,2,16384,False,3,128,8192,64,1,8,2.233599901199341,2.222111940383911,1,64,2.2440319061279297,128,0.5366759300231934,prefill,2048,1024,ok,2048,sparse
4,2,16384,False,3,128,8192,64,1,8,3.560192108154297,3.551743984222412,1,64,3.5731201171875,128,1.3578147888183594,prefill,2048,512,ok,0,dense
4,2,16384,False,3,128,8192,64,1,8,2.2503039836883545,2.2423040866851807,1,64,2.2780799865722656,128,0.5563302040100098,prefill,2048,512,ok,2048,sparse
8,2,16384,False,3,128,8192,64,1,8,3.5582399368286133,3.5336639881134033,1,64,3.6385281085968018,128,1.3893108367919922,prefill,2048,256,ok,0,dense
8,2,16384,False,3,128,8192,64,1,8,2.273983955383301,2.2655999660491943,1,64,2.288991928100586,128,0.5956387519836426,prefill,2048,256,ok,2048,sparse
16,2,16384,False,3,128,8192,64,1,8,3.5917439460754395,3.588671922683716,1,64,3.60262393951416,128,1.4523029327392578,prefill,2048,128,ok,0,dense
16,2,16384,False,3,128,8192,64,1,8,2.2941439151763916,2.2850561141967773,1,64,2.3121280670166016,128,0.6742558479309082,prefill,2048,128,ok,2048,sparse
32,2,16384,False,3,128,8192,64,1,8,3.601344108581543,3.5759360790252686,1,64,3.617824077606201,128,1.578287124633789,prefill,2048,64,ok,0,dense
32,2,16384,False,3,128,8192,64,1,8,2.3270719051361084,2.3205759525299072,1,64,2.345344066619873,128,0.8314900398254395,prefill,2048,64,ok,2048,sparse
1,2,32768,False,3,128,8192,64,1,8,6.497568130493164,6.4541120529174805,1,64,6.523327827453613,128,1.342066764831543,prefill,2048,2048,ok,0,dense
1,2,32768,False,3,128,8192,64,1,8,2.6992640495300293,2.684191942214966,1,64,2.7166080474853516,128,0.6616759300231934,prefill,2048,2048,ok,2048,sparse
2,2,32768,False,3,128,8192,64,1,8,6.640255928039551,6.5913920402526855,1,64,6.6918721199035645,128,1.3578147888183594,prefill,2048,1024,ok,0,dense
2,2,32768,False,3,128,8192,64,1,8,2.7080960273742676,2.7004480361938477,1,64,2.7219200134277344,128,0.6813302040100098,prefill,2048,1024,ok,2048,sparse
4,2,32768,False,3,128,8192,64,1,8,6.693088054656982,6.633600234985352,1,64,6.745151996612549,128,1.3893108367919922,prefill,2048,512,ok,0,dense
4,2,32768,False,3,128,8192,64,1,8,2.7260799407958984,2.7146239280700684,1,64,2.7342400550842285,128,0.7206387519836426,prefill,2048,512,ok,2048,sparse
8,2,32768,False,3,128,8192,64,1,8,6.616064071655273,6.59225606918335,1,64,6.815552234649658,128,1.4523029327392578,prefill,2048,256,ok,0,dense
8,2,32768,False,3,128,8192,64,1,8,2.7464001178741455,2.7377920150756836,1,64,2.7586560249328613,128,0.7992558479309082,prefill,2048,256,ok,2048,sparse
16,2,32768,False,3,128,8192,64,1,8,6.763904094696045,6.613759994506836,1,64,6.825568199157715,128,1.578287124633789,prefill,2048,128,ok,0,dense
16,2,32768,False,3,128,8192,64,1,8,2.763456106185913,2.75382399559021,1,64,2.775360107421875,128,0.9564900398254395,prefill,2048,128,ok,2048,sparse
32,2,32768,False,3,128,8192,64,1,8,6.716896057128906,6.6411519050598145,1,64,6.769567966461182,128,1.8302555084228516,prefill,2048,64,ok,0,dense
32,2,32768,False,3,128,8192,64,1,8,2.7837440967559814,2.776479959487915,1,64,2.7952959537506104,128,1.270958423614502,prefill,2048,64,ok,2048,sparse
1,2,65536,False,3,128,8192,64,1,8,12.745152473449707,12.454367637634277,1,64,12.898112297058105,128,1.3578147888183594,prefill,2048,2048,ok,0,dense
1,2,65536,False,3,128,8192,64,1,8,3.640160083770752,3.628511905670166,1,64,3.6466240882873535,128,0.6578927040100098,prefill,2048,2048,ok,2048,sparse
2,2,65536,False,3,128,8192,64,1,8,12.834495544433594,12.554783821105957,1,64,13.060192108154297,128,1.3893108367919922,prefill,2048,1024,ok,0,dense
2,2,65536,False,3,128,8192,64,1,8,3.6436479091644287,3.633888006210327,1,64,3.6508800983428955,128,0.6972012519836426,prefill,2048,1024,ok,2048,sparse
4,2,65536,False,3,128,8192,64,1,8,13.099807739257812,12.587455749511719,1,64,13.105376243591309,128,1.4523029327392578,prefill,2048,512,ok,0,dense
4,2,65536,False,3,128,8192,64,1,8,3.653503894805908,3.6375999450683594,1,64,3.662816047668457,128,0.7758183479309082,prefill,2048,512,ok,2048,sparse
8,2,65536,False,3,128,8192,64,1,8,12.979488372802734,12.613280296325684,1,64,13.028096199035645,128,1.578287124633789,prefill,2048,256,ok,0,dense
8,2,65536,False,3,128,8192,64,1,8,3.6800639629364014,3.665663957595825,1,64,3.6907520294189453,128,0.9330525398254395,prefill,2048,256,ok,2048,sparse
16,2,65536,False,3,128,8192,64,1,8,13.019455909729004,12.61184024810791,1,64,13.166303634643555,128,1.8302555084228516,prefill,2048,128,ok,0,dense
16,2,65536,False,3,128,8192,64,1,8,3.7255680561065674,3.707360029220581,1,64,3.7341439723968506,128,1.247520923614502,prefill,2048,128,ok,2048,sparse
32,2,65536,False,3,128,8192,64,1,8,13.237759590148926,12.630271911621094,1,64,13.249247550964355,128,2.3341922760009766,prefill,2048,64,ok,0,dense
32,2,65536,False,3,128,8192,64,1,8,3.7479679584503174,3.728287935256958,1,64,3.7571520805358887,128,1.876457691192627,prefill,2048,64,ok,2048,sparse
1,2,131072,False,3,128,8192,64,1,8,25.18832015991211,24.940767288208008,1,64,25.36579132080078,128,1.3893108367919922,prefill,2048,2048,ok,0,dense
1,2,131072,False,3,128,8192,64,1,8,5.880256175994873,5.857215881347656,1,64,5.893184185028076,128,0.6776700019836426,prefill,2048,2048,ok,2048,sparse
2,2,131072,False,3,128,8192,64,1,8,25.43120002746582,25.274463653564453,1,64,25.641151428222656,128,1.4523029327392578,prefill,2048,1024,ok,0,dense
2,2,131072,False,3,128,8192,64,1,8,5.900864124298096,5.882239818572998,1,64,5.916575908660889,128,0.7562870979309082,prefill,2048,1024,ok,2048,sparse
4,2,131072,False,3,128,8192,64,1,8,25.45039939880371,25.083232879638672,1,64,25.561344146728516,128,1.578287124633789,prefill,2048,512,ok,0,dense
4,2,131072,False,3,128,8192,64,1,8,5.891007900238037,5.878208160400391,1,64,5.917503833770752,128,0.9135212898254395,prefill,2048,512,ok,2048,sparse
8,2,131072,False,3,128,8192,64,1,8,25.52137565612793,25.422943115234375,1,64,25.658143997192383,128,1.8302555084228516,prefill,2048,256,ok,0,dense
8,2,131072,False,3,128,8192,64,1,8,5.963359832763672,5.948351860046387,1,64,5.97756814956665,128,1.227989673614502,prefill,2048,256,ok,2048,sparse
16,2,131072,False,3,128,8192,64,1,8,25.525535583496094,24.721471786499023,1,64,25.805280685424805,128,2.3341922760009766,prefill,2048,128,ok,0,dense
16,2,131072,False,3,128,8192,64,1,8,6.004767894744873,5.988959789276123,1,64,6.029600143432617,128,1.856926441192627,prefill,2048,128,ok,2048,sparse
32,2,131072,False,3,128,8192,64,1,8,25.695072174072266,25.236703872680664,1,64,25.815391540527344,128,3.3420658111572266,prefill,2048,64,ok,0,dense
32,2,131072,False,3,128,8192,64,1,8,6.031871795654297,6.0220160484313965,1,64,6.040480136871338,128,3.114799976348877,prefill,2048,64,ok,2048,sparse
1,2,16384,True,3,128,8192,64,1,8,0.07795199751853943,0.07651200145483017,1,64,0.07939200103282928,128,1.270604133605957,decode,1,1,ok,0,dense
1,2,16384,True,3,128,8192,64,1,8,0.12812800705432892,0.12726399302482605,1,64,0.12931199371814728,128,0.462155818939209,decode,1,1,ok,2048,sparse
2,2,16384,True,3,128,8192,64,1,8,0.08022399991750717,0.07900799810886383,1,64,0.08102399855852127,128,1.2785086631774902,decode,2,1,ok,0,dense
2,2,16384,True,3,128,8192,64,1,8,0.13068799674510956,0.12943999469280243,1,64,0.13120000064373016,128,0.2854347229003906,decode,2,1,ok,2048,sparse
4,2,16384,True,3,128,8192,64,1,8,0.08716800063848495,0.08220800012350082,1,64,0.08819200098514557,128,1.2943177223205566,decode,4,1,ok,0,dense
4,2,16384,True,3,128,8192,64,1,8,0.14588800072669983,0.14451199769973755,1,64,0.14710399508476257,128,0.30707263946533203,decode,4,1,ok,2048,sparse
8,2,16384,True,3,128,8192,64,1,8,0.09596800059080124,0.09087999910116196,1,64,0.0974079966545105,128,1.3259358406066895,decode,8,1,ok,0,dense
8,2,16384,True,3,128,8192,64,1,8,0.1565759927034378,0.1554879993200302,1,64,0.1590079963207245,128,0.35034847259521484,decode,8,1,ok,2048,sparse
16,2,16384,True,3,128,8192,64,1,8,0.1122559979557991,0.10780800133943558,1,64,0.11392000317573547,128,1.389172077178955,decode,16,1,ok,0,dense
16,2,16384,True,3,128,8192,64,1,8,0.1767359972000122,0.17548799514770508,1,64,0.17881600558757782,128,0.43690013885498047,decode,16,1,ok,2048,sparse
32,2,16384,True,3,128,8192,64,1,8,0.14899200201034546,0.14441600441932678,1,64,0.1509760022163391,128,1.5156445503234863,decode,32,1,ok,0,dense
32,2,16384,True,3,128,8192,64,1,8,0.22435200214385986,0.2221119999885559,1,64,0.23068800568580627,128,0.6100034713745117,decode,32,1,ok,2048,sparse
1,2,32768,True,3,128,8192,64,1,8,0.0857279971241951,0.08086399734020233,1,64,0.08700799942016602,128,1.2784781455993652,decode,1,1,ok,0,dense
1,2,32768,True,3,128,8192,64,1,8,0.14611199498176575,0.1443520039319992,1,64,0.14761599898338318,128,0.2844429016113281,decode,1,1,ok,2048,sparse
2,2,32768,True,3,128,8192,64,1,8,0.08767999708652496,0.08342400193214417,1,64,0.08959999680519104,128,1.2942566871643066,decode,2,1,ok,0,dense
2,2,32768,True,3,128,8192,64,1,8,0.1502400040626526,0.1493760049343109,1,64,0.15123200416564941,128,0.30508899688720703,decode,2,1,ok,2048,sparse
4,2,32768,True,3,128,8192,64,1,8,0.09487999975681305,0.09142400324344635,1,64,0.09743999689817429,128,1.3258137702941895,decode,4,1,ok,0,dense
4,2,32768,True,3,128,8192,64,1,8,0.15513600409030914,0.15382400155067444,1,64,0.15721599757671356,128,0.34638118743896484,decode,4,1,ok,2048,sparse
8,2,32768,True,3,128,8192,64,1,8,0.11158400028944016,0.10719999670982361,1,64,0.11369600147008896,128,1.388927936553955,decode,8,1,ok,0,dense
8,2,32768,True,3,128,8192,64,1,8,0.16889600455760956,0.16832000017166138,1,64,0.16937600076198578,128,0.42896556854248047,decode,8,1,ok,2048,sparse
16,2,32768,True,3,128,8192,64,1,8,0.14563199877738953,0.141184002161026,1,64,0.14697599411010742,128,1.5151562690734863,decode,16,1,ok,0,dense
16,2,32768,True,3,128,8192,64,1,8,0.1945279985666275,0.19305600225925446,1,64,0.19526399672031403,128,0.5941343307495117,decode,16,1,ok,2048,sparse
32,2,32768,True,3,128,8192,64,1,8,0.21456000208854675,0.20745599269866943,1,64,0.21641600131988525,128,1.7676129341125488,decode,32,1,ok,0,dense
32,2,32768,True,3,128,8192,64,1,8,0.25046399235725403,0.248416006565094,1,64,0.2518399953842163,128,0.9244718551635742,decode,32,1,ok,2048,sparse
1,2,65536,True,3,128,8192,64,1,8,0.08963199704885483,0.08575999736785889,1,64,0.09055999666452408,128,1.2942261695861816,decode,1,1,ok,0,dense
1,2,65536,True,3,128,8192,64,1,8,0.16185599565505981,0.16089600324630737,1,64,0.1635199934244156,128,0.30409717559814453,decode,1,1,ok,2048,sparse
2,2,65536,True,3,128,8192,64,1,8,0.09616000205278397,0.0915519967675209,1,64,0.09737599641084671,128,1.3257527351379395,decode,2,1,ok,0,dense
2,2,65536,True,3,128,8192,64,1,8,0.1658560037612915,0.16460800170898438,1,64,0.16675199568271637,128,0.34439754486083984,decode,2,1,ok,2048,sparse
4,2,65536,True,3,128,8192,64,1,8,0.11100800335407257,0.10592000186443329,1,64,0.11155200004577637,128,1.388805866241455,decode,4,1,ok,0,dense
4,2,65536,True,3,128,8192,64,1,8,0.17219200730323792,0.17129600048065186,1,64,0.1730239987373352,128,0.42499828338623047,decode,4,1,ok,2048,sparse
8,2,65536,True,3,128,8192,64,1,8,0.14336000382900238,0.13849599659442902,1,64,0.14531199634075165,128,1.5149121284484863,decode,8,1,ok,0,dense
8,2,65536,True,3,128,8192,64,1,8,0.1908479928970337,0.19020800292491913,1,64,0.1921280026435852,128,0.5861997604370117,decode,8,1,ok,2048,sparse
16,2,65536,True,3,128,8192,64,1,8,0.21091200411319733,0.20505599677562714,1,64,0.21193599700927734,128,1.7671246528625488,decode,16,1,ok,0,dense
16,2,65536,True,3,128,8192,64,1,8,0.22537599503993988,0.22467200458049774,1,64,0.2280000001192093,128,0.9086027145385742,decode,16,1,ok,2048,sparse
32,2,65536,True,3,128,8192,64,1,8,0.3369919955730438,0.33184000849723816,1,64,0.33904001116752625,128,2.271549701690674,decode,32,1,ok,0,dense
32,2,65536,True,3,128,8192,64,1,8,0.2980160117149353,0.2950400114059448,1,64,0.2998720109462738,128,1.5534086227416992,decode,32,1,ok,2048,sparse
1,2,131072,True,3,128,8192,64,1,8,0.09753599762916565,0.09391999989748001,1,64,0.09948799759149551,128,1.3257222175598145,decode,1,1,ok,0,dense
1,2,131072,True,3,128,8192,64,1,8,0.1791359931230545,0.17801600694656372,1,64,0.1802240014076233,128,0.34340572357177734,decode,1,1,ok,2048,sparse
2,2,131072,True,3,128,8192,64,1,8,0.111455999314785,0.10768000036478043,1,64,0.11327999830245972,128,1.388744831085205,decode,2,1,ok,0,dense
2,2,131072,True,3,128,8192,64,1,8,0.18428799510002136,0.18332800269126892,1,64,0.18534399569034576,128,0.42301464080810547,decode,2,1,ok,2048,sparse
4,2,131072,True,3,128,8192,64,1,8,0.14233599603176117,0.1369280070066452,1,64,0.14361600577831268,128,1.5147900581359863,decode,4,1,ok,0,dense
4,2,131072,True,3,128,8192,64,1,8,0.20319999754428864,0.20182399451732635,1,64,0.20457600057125092,128,0.5822324752807617,decode,4,1,ok,2048,sparse
8,2,131072,True,3,128,8192,64,1,8,0.20924800634384155,0.20364800095558167,1,64,0.21065600216388702,128,1.7668805122375488,decode,8,1,ok,0,dense
8,2,131072,True,3,128,8192,64,1,8,0.2311680018901825,0.2301120012998581,1,64,0.23267200589179993,128,0.9006681442260742,decode,8,1,ok,2048,sparse
16,2,131072,True,3,128,8192,64,1,8,0.3330880105495453,0.328575998544693,1,64,0.3356480002403259,128,2.271061420440674,decode,16,1,ok,0,dense
16,2,131072,True,3,128,8192,64,1,8,0.2832320034503937,0.28227201104164124,1,64,0.28438401222229004,128,1.5375394821166992,decode,16,1,ok,2048,sparse
32,2,131072,True,3,128,8192,64,1,8,0.5870400071144104,0.5820479989051819,1,64,0.5917440056800842,128,3.279423236846924,decode,32,1,ok,0,dense
32,2,131072,True,3,128,8192,64,1,8,0.377344012260437,0.37619200348854065,1,64,0.3800640106201172,128,2.811282157897949,decode,32,1,ok,2048,sparse
