config,phase,context,batch,e1_dense_ms,e1_sparse_ms,e1_dense_over_sparse,e2_dense_ms,e2_sparse_ms,e2_dense_over_sparse,e3_dense_ms,e3_sparse_ms,e3_dense_over_sparse,e2_over_e3_dense,e2_over_e3_sparse
1,decode,16384,1,0.07747200131416321,0.1363839954137802,0.5680432009571077,0.0793600007891655,0.12067200243473053,0.6576504838567669,0.06985600292682648,0.11737599968910217,0.595147245704884,1.1360512692415907,1.02808072139414
1,decode,16384,2,0.08454400300979614,0.1541759967803955,0.5483603464566442,0.08486399799585342,0.15503999590873718,0.5473684225701851,0.07276800274848938,0.14575999975204468,0.4992316333169355,1.1662268413381065,1.0636662745093228
1,decode,16384,4,0.10329599678516388,0.17068800330162048,0.6051743226653774,0.10409600287675858,0.1706240028142929,0.61009002930295,0.0796160027384758,0.1526080071926117,0.5217026563880739,1.3074758754052895,1.118054065137897
1,decode,16384,8,0.1345279961824417,0.20179200172424316,0.6666666420519461,0.13411200046539307,0.19791999459266663,0.67760713484964,0.08799999952316284,0.16035200655460358,0.5487926307501291,1.5240000135465102,1.234284489762654
1,decode,16384,16,0.19472000002861023,0.2606399953365326,0.7470841141521357,0.19472000002861023,0.2409919947385788,0.80799364410356,0.10512000322341919,0.18214400112628937,0.5771258047117036,1.8523591519946745,1.323084994555968
1,decode,16384,32,0.3166719973087311,0.30035200715065,1.0543362114104178,0.3126719892024994,0.27190399169921875,1.1499352666671343,0.1414400041103363,0.2242559939622879,0.6307077978665828,2.2106333435806906,1.2124714568161936
1,decode,32768,1,0.09033600240945816,0.15702399611473083,0.5753006205717338,0.08531200140714645,0.14079999923706055,0.6059091041862104,0.0806720033288002,0.1363839954137802,0.5915063793522588,1.0575168321956094,1.0323791938334295
1,decode,32768,2,0.10515200346708298,0.17164799571037292,0.6126025709295742,0.10246399790048599,0.18294399976730347,0.5600839493550791,0.08220800012350082,0.17308799922466278,0.47494916165041245,1.2463993497780586,1.0569421368713605
1,decode,32768,4,0.13395200669765472,0.19020800292491913,0.7042395936964316,0.13359999656677246,0.1998720020055771,0.6684277699036836,0.08972799777984619,0.17852799594402313,0.5025990310672624,1.4889443637711524,1.1195555125608776
1,decode,32768,8,0.19366399943828583,0.229312002658844,0.844543666239778,0.19308799505233765,0.2329919934272766,0.8287323191326996,0.10335999727249146,0.188960000872612,0.546994055859324,1.8681114565366448,1.233022821503631
1,decode,32768,16,0.3123840093612671,0.30486398935317993,1.0246668031342179,0.3125759959220886,0.30275198817253113,1.0324490280273866,0.13779200613498688,0.21532799303531647,0.6399168273137031,2.268462479716537,1.4060038544216407
1,decode,32768,32,0.5519999861717224,0.37696000933647156,1.4643462767930153,0.551584005355835,0.359360009431839,1.5349064750635693,0.20345599949359894,0.26521599292755127,0.7671332231807634,2.7110726974320003,1.3549711141665763
1,decode,65536,1,0.10547199845314026,0.17667199671268463,0.5969933006681619,0.10441599786281586,0.15782399475574493,0.6615977375583127,0.08508799970149994,0.14902399480342865,0.5709684525215954,1.2271530442497312,1.0590508928708025
1,decode,65536,2,0.13443200290203094,0.19305600225925446,0.6963368210717558,0.1355839967727661,0.2317119985818863,0.5851401636624836,0.09094399958848953,0.2162880003452301,0.42047639926083935,1.490851484278975,1.0713123160417455
1,decode,65536,4,0.19363200664520264,0.22300800681114197,0.868273787179234,0.19286400079727173,0.25328001379966736,0.7614655333595257,0.10441599786281586,0.22473600506782532,0.46461624087027403,1.8470732909210033,1.1270112847437483
1,decode,65536,8,0.31062400341033936,0.2784320116043091,1.1156188601322883,0.31116798520088196,0.3000960052013397,1.0368947930250316,0.13651199638843536,0.23747199773788452,0.574855131084187,2.2794186110609296,1.26371112409042
1,decode,65536,16,0.5478079915046692,0.38652798533439636,1.4172531156592578,0.5480639934539795,0.3959679901599884,1.3841118652862259,0.2019519954919815,0.27190399169921875,0.7427327352934987,2.7138330181824837,1.456278694863773
1,decode,65536,32,1.0244159698486328,0.5278080105781555,1.9408874994650005,1.025439977645874,0.5030400156974792,2.038485897039567,0.32716798782348633,0.34038400650024414,0.9611732090099,3.134291910610519,1.4778603168510458
1,decode,131072,1,0.13497599959373474,0.20854400098323822,0.6472303157000593,0.13568000495433807,0.1849599927663803,0.7335640693158606,0.09222400188446045,0.16838400065898895,0.547700503156665,1.4712005788289249,1.0984416099066385
1,decode,131072,2,0.19468800723552704,0.2335679978132248,0.8335388797193503,0.19148799777030945,0.31830400228500366,0.6015884072951573,0.10710400342941284,0.2964800000190735,0.3612520352891342,1.787869656025604,1.0736103692138632
1,decode,131072,4,0.30982398986816406,0.27747198939323425,1.1165955545483204,0.31139200925827026,0.35628798604011536,0.8739896416917349,0.1350719928741455,0.30825600028038025,0.4381812284312005,2.305378062707733,1.155818494095968
1,decode,131072,8,0.5477759838104248,0.36719998717308044,1.4917647139029706,0.5473600029945374,0.4307200014591217,1.2708023800619475,0.20057600736618042,0.3320319950580597,0.6040863842989208,2.7289405656343173,1.2972243876190463
1,decode,131072,16,1.0202560424804688,0.5449600219726562,1.872166766999398,1.0219199657440186,0.5672320127487183,1.8015907825652382,0.32422399520874023,0.3834879994392395,0.8454606028945916,3.1518949271046126,1.4791388872094067
1,decode,131072,32,1.9659839868545532,0.8272960186004639,2.3763972540087974,1.9621119499206543,0.7885760068893433,2.4881709978223916,0.5714560151100159,0.4832960069179535,1.1824141042552185,3.433531012081326,1.631662574491776
1,prefill,16384,1,2.6589760780334473,5.504799842834473,0.48302865752595936,2.659359931945801,4.507264137268066,0.5900164381219705,2.5854079723358154,2.0518081188201904,1.260063233311724,1.0286035938626632,2.196727898639853
1,prefill,16384,2,2.690592050552368,5.521344184875488,0.48730743102787455,2.696959972381592,4.529151916503906,0.5954668825644956,2.649280071258545,2.057248115539551,1.2877785869614093,1.0179973048679585,2.2015584227749088
1,prefill,16384,4,2.7116799354553223,5.533088207244873,0.4900843496231857,2.725696086883545,4.561791896820068,0.5975055742423436,2.6779839992523193,2.0606720447540283,1.2995682675803837,1.0178164199803086,2.213739885700534
1,prefill,16384,8,2.7273600101470947,5.549280166625977,0.4914799628517152,2.729151964187622,4.5583038330078125,0.5987209418611268,2.6988160610198975,2.0804479122161865,1.2972283733578303,1.0112404485825761,2.1910204077890625
1,prefill,16384,16,2.7369279861450195,5.577663898468018,0.4906943186190825,2.727423906326294,4.588672161102295,0.5943819498473628,2.699615955352783,2.0740480422973633,1.3016168865415945,1.0103007062609677,2.212423274448144
1,prefill,16384,32,2.739583969116211,5.601503849029541,0.4890800833049223,2.729504108428955,4.589856147766113,0.5946818419913676,2.6986560821533203,2.097599983215332,1.2865446718857483,1.0114308846094313,2.188146541043777
1,prefill,32768,1,4.956255912780762,7.830111980438232,0.6329738227451726,5.009280204772949,5.966559886932373,0.8395591931866796,4.871391773223877,2.439039945602417,1.9972578891161599,1.0283057569516356,2.4462739520482497
1,prefill,32768,2,5.013055801391602,7.83465576171875,0.6398565493950749,4.9944000244140625,5.974912166595459,0.835895137059379,4.944447994232178,2.4584319591522217,2.0112201909127663,1.0101026505365522,2.4303752415649034
1,prefill,32768,4,5.00819206237793,7.829792022705078,0.6396328341614971,5.017248153686523,6.0116801261901855,0.8345833524689097,4.974175930023193,2.4689600467681885,2.014684659046741,1.0086591677233117,2.434903770135663
1,prefill,32768,8,5.011007785797119,7.861248016357422,0.6374315853373894,5.010272026062012,6.040448188781738,0.8294536877854594,4.977471828460693,2.46726393699646,2.01740549676256,1.0065897304357947,2.448237538840339
1,prefill,32768,16,5.050975799560547,7.880896091461182,0.6409138936666344,5.0298237800598145,6.02623987197876,0.8346537620329134,5.005792140960693,2.486112117767334,2.0135021687823844,1.0048007664765939,2.4239614251149124
1,prefill,32768,32,5.119808197021484,7.9416961669921875,0.6446743981847072,5.03331184387207,6.058720111846924,0.8307549698541412,4.985407829284668,2.495487928390503,1.99776876199921,1.0096088457008492,2.4278699339389607
1,prefill,65536,1,9.562784194946289,12.020928382873535,0.795511285847987,9.663488388061523,8.684063911437988,1.1127841165854977,9.622112274169922,3.3037760257720947,2.9124590163224604,1.00430010716074,2.6285268261817225
1,prefill,65536,2,9.7291841506958,12.04361629486084,0.807829136407091,9.748607635498047,8.726719856262207,1.1170987262187113,9.680319786071777,3.3354880809783936,2.9022198703921807,1.0070542968554121,2.6163247010321835
1,prefill,65536,4,9.823007583618164,12.042240142822266,0.8157126470753145,9.80412769317627,8.690688133239746,1.1281186878260987,9.580415725708008,3.3440001010894775,2.8649567691659765,1.023350966583627,2.598889913432812
1,prefill,65536,8,9.756799697875977,12.043264389038086,0.810145769676594,9.825823783874512,8.729087829589844,1.1256415304434164,9.705408096313477,3.3554561138153076,2.8924258780657937,1.0124070710232962,2.601460884453193
1,prefill,65536,16,9.904704093933105,12.091039657592773,0.819177206793237,9.848095893859863,8.781824111938477,1.121418029822738,9.717439651489258,3.371488094329834,2.882240535813263,1.0134455419386712,2.6047323514823444
1,prefill,65536,32,10.082079887390137,12.191904067993164,0.8269487547772091,10.029120445251465,8.831232070922852,1.1356422710566858,9.793375968933105,3.389695882797241,2.889160652622154,1.0240718294759843,2.6053169299763703
1,prefill,131072,1,18.826047897338867,21.187103271484375,0.8885616715087598,18.83145523071289,16.208415985107422,1.1618319302771822,18.752031326293945,5.562848091125488,3.3709407517723515,1.0042354827078162,2.913690203218923
1,prefill,131072,2,19.17737579345703,21.152576446533203,0.9066212733910295,19.0947208404541,16.22640037536621,1.1767687471487747,18.983232498168945,5.600736141204834,3.389417394350818,1.0058729904032893,2.8971906489198718
1,prefill,131072,4,19.370880126953125,21.170560836791992,0.9149913540924608,19.231935501098633,16.22483253479004,1.1853395380112937,19.03696060180664,5.6181440353393555,3.3884785584100356,1.0102419132639004,2.8879345977483473
1,prefill,131072,8,19.438688278198242,21.184640884399414,0.9175840357300128,19.08880043029785,16.236255645751953,1.175689817084904,19.171903610229492,5.625216007232666,3.4082075400445184,0.9956653662765497,2.886334609173418
1,prefill,131072,16,19.54876708984375,21.174943923950195,0.9232027796651147,19.538976669311523,16.254560470581055,1.2020612125855323,19.360031127929688,5.620607852935791,3.444472846085043,1.0092430399620422,2.891957755439364
1,prefill,131072,32,19.887935638427734,21.421823501586914,0.9283960180586144,19.749088287353516,16.299104690551758,1.2116670616148406,19.059999465942383,5.648928165435791,3.3740913156880237,1.0361536642559954,2.8853446553421254
2,decode,16384,1,0.09574399888515472,0.15692800283432007,0.6101141743722973,0.09561599791049957,0.1520960032939911,0.62865555859269,0.07795199751853943,0.12812800705432892,0.6083915555284192,1.2266009974633312,1.187062897415545
2,decode,16384,2,0.11072000116109848,0.18134400248527527,0.6105523184870075,0.1106560006737709,0.16291199624538422,0.6792378905424291,0.08022399991750717,0.13068799674510956,0.6138589764595899,1.3793378638257427,1.2465719905640875
2,decode,16384,4,0.14422400295734406,0.20444799959659576,0.7054312257489337,0.14028799533843994,0.1929280012845993,0.7271520691881992,0.08716800063848495,0.14588800072669983,0.5974994530343977,1.6093978789333656,1.3224391336064858
2,decode,16384,8,0.20451200008392334,0.24755200743675232,0.8261375143006046,0.20502400398254395,0.22188800573349,0.923997686602306,0.09596800059080124,0.1565759927034378,0.6129164435353067,2.1363788212776,1.4171266099123905
2,decode,16384,16,0.32444798946380615,0.3073599934577942,1.0555960319161004,0.3221760094165802,0.2728640139102936,1.1807200399921491,0.1122559979557991,0.1767359972000122,0.6351620481070358,2.8700115386568235,1.5439073999253998
2,decode,16384,32,0.5722879767417908,0.44569599628448486,1.2840321239423993,0.567903995513916,0.40560001134872437,1.4001577406901178,0.14899200201034546,0.22435200214385986,0.6640992751863575,3.8116408119308502,1.8078733752001195
2,decode,32768,1,0.11395200341939926,0.18111999332904816,0.6291519855148071,0.11055999994277954,0.17955200374126434,0.6157547542721787,0.0857279971241951,0.14611199498176575,0.5867279899565648,1.2896603636103856,1.228865595625272
2,decode,32768,2,0.14361600577831268,0.19750399887561798,0.7271549264618064,0.14009599387645721,0.19260799884796143,0.7273633219513614,0.08767999708652496,0.1502400040626526,0.5835995388416053,1.5978102022312655,1.282002087590737
2,decode,32768,4,0.20313599705696106,0.22937600314617157,0.8856026535936766,0.1998399943113327,0.21862399578094482,0.9140807878727403,0.09487999975681305,0.15513600409030914,0.6115923915481326,2.1062394058130547,1.4092408597405763
2,decode,32768,8,0.32342401146888733,0.2913919985294342,1.1099275652767022,0.3198400139808655,0.28169599175453186,1.135408466370981,0.11158400028944016,0.16889600455760956,0.6606669031734225,2.8663608864283905,1.6678665223157887
2,decode,32768,16,0.5640320181846619,0.38355201482772827,1.4705489643640535,0.5644159913063049,0.3606399893760681,1.5650399510125963,0.14563199877738953,0.1945279985666275,0.7486428681242475,3.875631702130664,1.8539233017017127
2,decode,32768,32,1.0523840188980103,0.5964800119400024,1.7643240307000687,1.0509120225906372,0.5549119710922241,1.8938355583177353,0.21456000208854675,0.25046399235725403,0.8566500919721229,4.897986634791961,2.2155359174372458
2,decode,65536,1,0.1420159935951233,0.20371200144290924,0.6971410255125474,0.13967999815940857,0.23583999276161194,0.5922659533855977,0.08963199704885483,0.16185599565505981,0.5537761927576319,1.5583720407710493,1.4570976614559492
2,decode,65536,2,0.20390400290489197,0.22819200158119202,0.8935633216414106,0.20367999374866486,0.2550719976425171,0.7985196165441961,0.09616000205278397,0.1658560037612915,0.5797800493926188,2.118136329041062,1.5379123568516087
2,decode,65536,4,0.3229120075702667,0.27798399329185486,1.161620867972934,0.32211199402809143,0.2950400114059448,1.0917569874443176,0.11100800335407257,0.17219200730323792,0.6446757029702456,2.90170063685119,1.7134361578488717
2,decode,65536,8,0.5623360276222229,0.3718079924583435,1.512436631348708,0.5628479719161987,0.3733440041542053,1.5075854055599647,0.14336000382900238,0.1908479928970337,0.7511737569404148,3.9261157706688903,1.9562375191214711
2,decode,65536,16,1.0406080484390259,0.5338240265846252,1.9493465947885018,1.0428800582885742,0.5028160214424133,2.074078815740388,0.21091200411319733,0.22537599503993988,0.9358228416288109,4.944621633431809,2.2310096572321605
2,decode,65536,32,2.0134079456329346,0.893280029296875,2.25394935473677,2.0106561183929443,0.8503040075302124,2.3646320616941265,0.3369919955730438,0.2980160117149353,1.1307848649937329,5.966480346139646,2.8532158478235172
2,decode,131072,1,0.20188799500465393,0.2412160038948059,0.8369593714548771,0.20281599462032318,0.3255999982357025,0.6228992497521584,0.09753599762916565,0.1791359931230545,0.5444801791573227,2.079396320847968,1.8176134932974468
2,decode,131072,2,0.32262399792671204,0.2836799919605255,1.1372814688023738,0.321727991104126,0.35679998993873596,0.9017040363688575,0.111455999314785,0.18428799510002136,0.6047925110601634,2.886591956306184,1.936100014247182
2,decode,131072,4,0.5619519948959351,0.3647040128707886,1.5408440134028076,0.561024010181427,0.42287999391555786,1.326674276989926,0.14233599603176117,0.20319999754428864,0.7004724298814925,3.9415469440087305,2.081102357412129
2,decode,131072,8,1.0412479639053345,0.5281599760055542,1.9714632141955122,1.0436160564422607,0.5546560287475586,1.881555418767914,0.20924800634384155,0.2311680018901825,0.905177207195163,4.987459974779233,2.399363338404641
2,decode,131072,16,1.9943679571151733,0.8325440287590027,2.3955104934065714,1.9971519708633423,0.8008319735527039,2.4938464457199983,0.3330880105495453,0.2832320034503937,1.1760253307952313,5.995868682179046,2.8274769934075072
2,decode,131072,32,3.9596478939056396,1.4903039932250977,2.6569397330384583,3.954047918319702,1.442463994026184,2.741176164323674,0.5870400071144104,0.377344012260437,1.5557157077909174,6.7355680539658405,3.8226762507380605
2,prefill,16384,1,3.556191921234131,9.8985595703125,0.3592635772885348,3.5482559204101562,8.644031524658203,0.4104862309083792,3.4137279987335205,2.2087039947509766,1.5455796733497582,1.0394079205275129,3.913621537879632
2,prefill,16384,2,3.6053121089935303,9.9716157913208,0.36155746314770365,3.606015920639038,8.757984161376953,0.411740402151183,3.5042879581451416,2.233599901199341,1.5688968987970942,1.0290295671214595,3.921017437668365
2,prefill,16384,4,3.625823974609375,9.9749116897583,0.36349434334663583,3.6328320503234863,8.752415657043457,0.4150662163079498,3.560192108154297,2.2503039836883545,1.5820938566348595,1.0204033771106942,3.8894370362789097
2,prefill,16384,8,3.6502718925476074,10.03433609008789,0.3637781174335406,3.649535894393921,8.784031867980957,0.41547389049179084,3.5582399368286133,2.273983955383301,1.5647603530381284,1.02565761702025,3.8628381027870216
2,prefill,16384,16,3.6514880657196045,10.112768173217773,0.36107700712353424,3.6510400772094727,8.812512397766113,0.41430183725301495,3.5917439460754395,2.2941439151763916,1.5656140498924533,1.0165090084438853,3.84130757424106
2,prefill,16384,32,3.7189760208129883,10.1778564453125,0.3653987498051021,3.6712958812713623,8.875231742858887,0.41365634021053355,3.601344108581543,2.3270719051361084,1.54758608903875,1.0194237958330983,3.8139052442987498
2,prefill,32768,1,6.639455795288086,13.977727890014648,0.47500250738398997,6.589183807373047,11.614368438720703,0.5673303582660265,6.497568130493164,2.6992640495300293,2.4071628456002516,1.014099994804199,4.3027907702260135
2,prefill,32768,2,6.7366719245910645,13.984416007995605,0.48172708254240754,6.667776107788086,11.704095840454102,0.5696959593189205,6.640255928039551,2.7080960273742676,2.4520016502065665,1.0041444456428745,4.321890997270962
2,prefill,32768,4,6.711328029632568,13.993375778198242,0.4796075040083505,6.682400226593018,11.706560134887695,0.5708252594780802,6.693088054656982,2.7260799407958984,2.4552060834660954,0.9984031544218922,4.294283509334609
2,prefill,32768,8,6.843616008758545,14.010368347167969,0.4884679573854246,6.820576190948486,11.719264030456543,0.5819969729517886,6.616064071655273,2.7464001178741455,2.4089949707606504,1.0309114478152335,4.267136443151573
2,prefill,32768,16,6.765312194824219,14.10204792022705,0.47973969689327883,6.959839820861816,11.744576454162598,0.5926003247562887,6.763904094696045,2.763456106185913,2.447624943112087,1.028967845111733,4.2499594720801674
2,prefill,32768,32,6.9673919677734375,14.255743980407715,0.4887427816709549,7.14028787612915,11.812512397766113,0.6044681804930392,6.716896057128906,2.7837440967559814,2.412899973440949,1.0630338500699117,4.24339019219897
2,prefill,65536,1,13.086688041687012,21.51603126525879,0.6082296442289358,13.098655700683594,17.047744750976562,0.7683512330822088,12.745152473449707,3.640160083770752,3.5012615325003287,1.0277362885983745,4.683240395657881
2,prefill,65536,2,13.151328086853027,21.419296264648438,0.6139944059954336,13.145343780517578,17.157888412475586,0.7661399505873656,12.834495544433594,3.6436479091644287,3.522430230471098,1.0242197470876682,4.708986389524744
2,prefill,65536,4,13.110367774963379,21.455232620239258,0.61105689260139,13.076383590698242,17.14646339416504,0.7626286126822018,13.099807739257812,3.653503894805908,3.5855464005065025,0.9982118708132355,4.6931559094659026
2,prefill,65536,8,13.308287620544434,21.44419288635254,0.6206010033147045,13.30361557006836,17.065183639526367,0.7795764669800876,12.979488372802734,3.6800639629364014,3.5269735807651896,1.0249722630011213,4.637197562704778
2,prefill,65536,16,13.44819164276123,21.435007095336914,0.6273938507669924,13.445343971252441,17.170495986938477,0.7830492480520224,13.019455909729004,3.7255680561065674,3.4946230249072627,1.0327116635653864,4.608826285912122
2,prefill,65536,32,13.667936325073242,21.640832901000977,0.631580881734041,13.608896255493164,17.26652717590332,0.788166382090161,13.237759590148926,3.7479679584503174,3.531983127097591,1.028036214347058,4.606903625462839
2,prefill,131072,1,25.48588752746582,38.642112731933594,0.6595365968798194,25.479455947875977,32.1064338684082,0.7935934601864028,25.18832015991211,5.880256175994873,4.283541295826373,1.0115583645957946,5.460039989325152
2,prefill,131072,2,25.82383918762207,38.600318908691406,0.6690058506694738,25.786592483520508,32.03456115722656,0.8049616274422852,25.43120002746582,5.900864124298096,4.309741673723227,1.0139746632353512,5.428791526535456
2,prefill,131072,4,25.955360412597656,38.6038703918457,0.6723512474044625,25.734464645385742,32.07292938232422,0.8023733765824433,25.45039939880371,5.891007900238037,4.3202113848422,1.0111615241132672,5.44438743343533
2,prefill,131072,8,26.013471603393555,38.5807991027832,0.6742595334557742,25.969568252563477,32.08969497680664,0.8092806201907937,25.52137565612793,5.963359832763672,4.279697414184086,1.0175614591656204,5.381143495735511
2,prefill,131072,16,26.292224884033203,38.57913589477539,0.6815140949695,26.290687561035156,32.072574615478516,0.8197248857080227,25.525535583496094,6.004767894744873,4.2508779741236955,1.0299759421319952,5.341184734808338
2,prefill,131072,32,26.808799743652344,38.5753288269043,0.6949726822537049,26.62303924560547,32.028926849365234,0.8312185847129966,25.695072174072266,6.031871795654297,4.25988367202772,1.0361145929167528,5.3099482108423945
