architecture,config,phase,context,batch,dense_fa2_ms,dense_fa3_ms,dense_backend,dense_best_ms,sparse_ms,speedup,separated_samples
dsa,1,prefill,16384,1,12.477855682373047,5.880447864532471,dense_fa3,5.880447864532471,2.37225604057312,2.4788419816234493,True
dsa,1,prefill,16384,2,12.863167762756348,6.420351982116699,dense_fa3,6.420351982116699,2.396928071975708,2.6785751550836556,True
dsa,1,prefill,16384,4,13.080351829528809,6.465983867645264,dense_fa3,6.465983867645264,2.407327890396118,2.6859589395532266,True
dsa,1,prefill,16384,8,13.214591979980469,6.364799976348877,dense_fa3,6.364799976348877,2.427999973297119,2.62141682304294,True
dsa,1,prefill,16384,16,13.232000350952148,6.001952171325684,dense_fa3,6.001952171325684,2.4555840492248535,2.444205553957846,True
dsa,1,prefill,16384,32,13.28275203704834,6.614431858062744,dense_fa3,6.614431858062744,2.496095895767212,2.6499109546549295,True
dsa,1,prefill,32768,1,24.972448348999023,12.282848358154297,dense_fa3,12.282848358154297,2.9870400428771973,4.112046769323898,True
dsa,1,prefill,32768,2,25.567935943603516,12.386143684387207,dense_fa3,12.386143684387207,3.024672031402588,4.095036934845315,True
dsa,1,prefill,32768,4,25.722944259643555,12.47862434387207,dense_fa3,12.47862434387207,3.107327938079834,4.015869773817053,True
dsa,1,prefill,32768,8,25.90662384033203,12.551615715026855,dense_fa3,12.551615715026855,3.0752320289611816,4.081518271408877,True
dsa,1,prefill,32768,16,25.923744201660156,12.678751945495605,dense_fa3,12.678751945495605,3.138144016265869,4.040207166968158,True
dsa,1,prefill,32768,32,26.005407333374023,12.624640464782715,dense_fa3,12.624640464782715,3.2074880599975586,3.9359898551866546,True
dsa,1,prefill,65536,1,50.54025650024414,24.436767578125,dense_fa3,24.436767578125,4.364223957061768,5.599338580822319,True
dsa,1,prefill,65536,2,50.97951889038086,24.54355239868164,dense_fa3,24.54355239868164,4.324160099029541,5.6759120468712245,True
dsa,1,prefill,65536,4,51.13043212890625,24.64182472229004,dense_fa3,24.64182472229004,4.359871864318848,5.65196076608547,True
dsa,1,prefill,65536,8,51.29180908203125,24.853696823120117,dense_fa3,24.853696823120117,4.476352214813232,5.552221011759034,True
dsa,1,prefill,65536,16,51.3765754699707,24.718687057495117,dense_fa3,24.718687057495117,4.482560157775879,5.514412788106304,True
dsa,1,prefill,65536,32,51.40300750732422,24.94281578063965,dense_fa3,24.94281578063965,4.675168037414551,5.335169897857503,True
dsa,1,prefill,131072,1,101.46896362304688,48.57267379760742,dense_fa3,48.57267379760742,7.09497594833374,6.846066026342872,True
dsa,1,prefill,131072,2,101.83084869384766,48.91561508178711,dense_fa3,48.91561508178711,6.715871810913086,7.283583793588903,True
dsa,1,prefill,131072,4,102.0031967163086,49.096256256103516,dense_fa3,49.096256256103516,7.226592063903809,6.793832531565604,True
dsa,1,prefill,131072,8,102.0947494506836,49.16147232055664,dense_fa3,49.16147232055664,6.727456092834473,7.307587242809263,True
dsa,1,prefill,131072,16,102.30560302734375,49.34201431274414,dense_fa3,49.34201431274414,7.223231792449951,6.831016327666329,True
dsa,1,prefill,131072,32,102.24797058105469,49.40528106689453,dense_fa3,49.40528106689453,8.481696128845215,5.824929391053423,True
dsa,1,decode,16384,1,0.09839999675750732,0.0838719978928566,dense_fa3,0.0838719978928566,0.14083200693130493,0.5955464224390958,False
dsa,1,decode,16384,2,0.10710400342941284,0.09350399672985077,dense_fa3,0.09350399672985077,0.1544640064239502,0.6053448883956479,False
dsa,1,decode,16384,4,0.11734399944543839,0.09647999703884125,dense_fa3,0.09647999703884125,0.158720001578331,0.6078628785246498,False
dsa,1,decode,16384,8,0.1475519984960556,0.11068800091743469,dense_fa3,0.11068800091743469,0.16291199624538422,0.6794343171064716,False
dsa,1,decode,16384,16,0.22022399306297302,0.14844800531864166,dense_fa3,0.14844800531864166,0.17187200486660004,0.8637125367441946,False
dsa,1,decode,16384,32,0.3547520041465759,0.22096000611782074,dense_fa3,0.22096000611782074,0.18742400407791138,1.178931200434543,True
dsa,1,decode,32768,1,0.1175680011510849,0.10476800054311752,dense_fa3,0.10476800054311752,0.15401600301265717,0.6802410041410282,False
dsa,1,decode,32768,2,0.12374400347471237,0.10384000092744827,dense_fa3,0.10384000092744827,0.16230399906635284,0.6397870756406722,False
dsa,1,decode,32768,4,0.15107199549674988,0.11286400258541107,dense_fa3,0.11286400258541107,0.16495999693870544,0.6841901350625522,False
dsa,1,decode,32768,8,0.21728000044822693,0.14585599303245544,dense_fa3,0.14585599303245544,0.17254400253295898,0.8453263567048316,False
dsa,1,decode,32768,16,0.35180801153182983,0.21913599967956543,dense_fa3,0.21913599967956543,0.18540799617767334,1.1819123457306075,True
dsa,1,decode,32768,32,0.6204479932785034,0.3585279881954193,dense_fa3,0.3585279881954193,0.2120320051908493,1.6909144818618749,True
dsa,1,decode,65536,1,0.1340479999780655,0.11398400366306305,dense_fa3,0.11398400366306305,0.15520000457763672,0.7344329916307707,False
dsa,1,decode,65536,2,0.15692800283432007,0.12041600048542023,dense_fa3,0.12041600048542023,0.16150400042533875,0.7455914415017046,False
dsa,1,decode,65536,4,0.22032000124454498,0.1483840048313141,dense_fa3,0.1483840048313141,0.1687680035829544,0.8792188192140284,False
dsa,1,decode,65536,8,0.350271999835968,0.2165759950876236,dense_fa3,0.2165759950876236,0.17936000227928162,1.207493266812034,True
dsa,1,decode,65536,16,0.6174399852752686,0.35603201389312744,dense_fa3,0.35603201389312744,0.21161599457263947,1.682443780358557,True
dsa,1,decode,65536,32,1.2805759906768799,0.68886399269104,dense_fa3,0.68886399269104,0.2544640004634857,2.7071176725836645,True
dsa,1,decode,131072,1,0.16777600347995758,0.13068799674510956,dense_fa3,0.13068799674510956,0.15836800634860992,0.8252171619653446,False
dsa,1,decode,131072,2,0.22678400576114655,0.15590399503707886,dense_fa3,0.15590399503707886,0.16847999393939972,0.9253561291862089,False
dsa,1,decode,131072,4,0.35334399342536926,0.21964800357818604,dense_fa3,0.21964800357818604,0.17958399653434753,1.2230934148755053,True
dsa,1,decode,131072,8,0.6164159774780273,0.3532159924507141,dense_fa3,0.3532159924507141,0.20025600492954254,1.763822226329685,True
dsa,1,decode,131072,16,1.2788159847259521,0.6858239769935608,dense_fa3,0.6858239769935608,0.2422720044851303,2.830801596127686,True
dsa,1,decode,131072,32,2.567392110824585,1.3327679634094238,dense_fa3,1.3327679634094238,0.32553601264953613,4.094072273485294,True
dsa,2,prefill,16384,1,16.53215980529785,8.33523178100586,dense_fa3,8.33523178100586,2.343712091445923,3.556423082608046,True
dsa,2,prefill,16384,2,17.1014404296875,8.45680046081543,dense_fa3,8.45680046081543,2.3646719455718994,3.5763102263092734,True
dsa,2,prefill,16384,4,17.373920440673828,8.541952133178711,dense_fa3,8.541952133178711,2.3828799724578857,3.5847177499116265,True
dsa,2,prefill,16384,8,17.551904678344727,8.634207725524902,dense_fa3,8.634207725524902,2.4034879207611084,3.5923657659950803,True
dsa,2,prefill,16384,16,17.56332778930664,8.720159530639648,dense_fa3,8.720159530639648,2.428800106048584,3.59031585552196,True
dsa,2,prefill,16384,32,17.681888580322266,8.677087783813477,dense_fa3,8.677087783813477,2.4699199199676514,3.5131049041975095,True
dsa,2,prefill,32768,1,33.47264099121094,16.227872848510742,dense_fa3,16.227872848510742,2.9541120529174805,5.4933166236819275,True
dsa,2,prefill,32768,2,34.028961181640625,16.44118309020996,dense_fa3,16.44118309020996,2.991584062576294,5.495811832896026,True
dsa,2,prefill,32768,4,34.33232116699219,16.631135940551758,dense_fa3,16.631135940551758,3.006943941116333,5.530909876017649,True
dsa,2,prefill,32768,8,34.4400634765625,16.787647247314453,dense_fa3,16.787647247314453,3.033888101577759,5.533377199569133,True
dsa,2,prefill,32768,16,34.553184509277344,16.81760025024414,dense_fa3,16.81760025024414,3.085983991622925,5.449671902348312,True
dsa,2,prefill,32768,32,34.56227111816406,16.747360229492188,dense_fa3,16.747360229492188,3.23305606842041,5.180040146249158,True
dsa,2,prefill,65536,1,67.3001937866211,32.3798713684082,dense_fa3,32.3798713684082,4.260767936706543,7.599538827133814,True
dsa,2,prefill,65536,2,67.90217590332031,32.860511779785156,dense_fa3,32.860511779785156,4.353312015533447,7.548393421498984,True
dsa,2,prefill,65536,4,68.14364624023438,32.944862365722656,dense_fa3,32.944862365722656,4.407008171081543,7.475561897503248,True
dsa,2,prefill,65536,8,68.32438659667969,32.906593322753906,dense_fa3,32.906593322753906,4.313727855682373,7.6283424508124265,True
dsa,2,prefill,65536,16,68.44422149658203,33.112064361572266,dense_fa3,33.112064361572266,4.470911979675293,7.406109651028531,True
dsa,2,prefill,65536,32,68.43456268310547,33.257118225097656,dense_fa3,33.257118225097656,4.497439861297607,7.394677694590066,True
dsa,2,prefill,131072,1,135.02517700195312,65.28112030029297,dense_fa3,65.28112030029297,7.052224159240723,9.25681300342011,True
dsa,2,prefill,131072,2,135.59878540039062,65.47747039794922,dense_fa3,65.47747039794922,7.150047779083252,9.15762697271716,True
dsa,2,prefill,131072,4,135.84144592285156,65.44656372070312,dense_fa3,65.44656372070312,6.631968021392822,9.868347300468175,True
dsa,2,prefill,131072,8,136.00489807128906,65.54585266113281,dense_fa3,65.54585266113281,7.366399765014648,8.897949439620518,True
dsa,2,prefill,131072,16,136.11209106445312,65.92937469482422,dense_fa3,65.92937469482422,7.12716817855835,9.250430611861907,True
dsa,2,prefill,131072,32,136.18063354492188,65.59398651123047,dense_fa3,65.59398651123047,8.50598430633545,7.711510408310369,True
dsa,2,decode,16384,1,0.1045759990811348,0.08742400258779526,dense_fa3,0.08742400258779526,0.14281600713729858,0.6121442850852756,False
dsa,2,decode,16384,2,0.11164800077676773,0.09849599748849869,dense_fa3,0.09849599748849869,0.15455999970436096,0.6372670657149309,False
dsa,2,decode,16384,4,0.12185599654912949,0.10115200281143188,dense_fa3,0.10115200281143188,0.15750400722026825,0.6422185987304534,False
dsa,2,decode,16384,8,0.15302400290966034,0.11513599753379822,dense_fa3,0.11513599753379822,0.1616320013999939,0.7123341698211662,False
dsa,2,decode,16384,16,0.22390399873256683,0.1533759981393814,dense_fa3,0.1533759981393814,0.17001600563526154,0.9021268178033882,False
dsa,2,decode,16384,32,0.3609279990196228,0.2290560007095337,dense_fa3,0.2290560007095337,0.187391996383667,1.2223360929490483,True
dsa,2,decode,32768,1,0.12140800058841705,0.10831999778747559,dense_fa3,0.10831999778747559,0.15510399639606476,0.6983701278133143,False
dsa,2,decode,32768,2,0.12934400141239166,0.1072319969534874,dense_fa3,0.1072319969534874,0.16105599701404572,0.6658056759236086,False
dsa,2,decode,32768,4,0.1552640050649643,0.11715199798345566,dense_fa3,0.11715199798345566,0.16502399742603302,0.7099088605944446,False
dsa,2,decode,32768,8,0.22092799842357635,0.1504639983177185,dense_fa3,0.1504639983177185,0.17203199863433838,0.8746279733547501,False
dsa,2,decode,32768,16,0.35654398798942566,0.22463999688625336,dense_fa3,0.22463999688625336,0.18492799997329712,1.2147430184649728,True
dsa,2,decode,32768,32,0.627232015132904,0.3678399920463562,dense_fa3,0.3678399920463562,0.21091200411319733,1.744044838002369,True
dsa,2,decode,65536,1,0.1383039951324463,0.11766400188207626,dense_fa3,0.11766400188207626,0.15622399747371674,0.7531749525348829,False
dsa,2,decode,65536,2,0.1621759980916977,0.12399999797344208,dense_fa3,0.12399999797344208,0.16099199652671814,0.7702246114629873,False
dsa,2,decode,65536,4,0.2239679992198944,0.15376000106334686,dense_fa3,0.15376000106334686,0.1671999990940094,0.9196172362231545,False
dsa,2,decode,65536,8,0.3542720079421997,0.2226559966802597,dense_fa3,0.2226559966802597,0.17856000363826752,1.24695336101876,True
dsa,2,decode,65536,16,0.6285120248794556,0.36102399230003357,dense_fa3,0.36102399230003357,0.21040000021457672,1.715893497774918,True
dsa,2,decode,65536,32,1.2898240089416504,0.7047359943389893,dense_fa3,0.7047359943389893,0.2536320090293884,2.7785767144924174,True
dsa,2,decode,131072,1,0.1725119948387146,0.13491199910640717,dense_fa3,0.13491199910640717,0.15942400693893433,0.8462464449164409,False
dsa,2,decode,131072,2,0.23014399409294128,0.15955199301242828,dense_fa3,0.15955199301242828,0.16684800386428833,0.9562715124971197,False
dsa,2,decode,131072,4,0.35712000727653503,0.2250880002975464,dense_fa3,0.2250880002975464,0.17865599691867828,1.2598961365959818,True
dsa,2,decode,131072,8,0.6187520027160645,0.3598400056362152,dense_fa3,0.3598400056362152,0.1982080042362213,1.8154665701964454,True
dsa,2,decode,131072,16,1.28438401222229,0.6970880031585693,dense_fa3,0.6970880031585693,0.2412479966878891,2.889507945056291,True
dsa,2,decode,131072,32,2.5759360790252686,1.3607679605484009,dense_fa3,1.3607679605484009,0.3258880078792572,4.175569298802093,True
m3,1,prefill,16384,1,2.657536029815674,1.732800006866455,dense_fa3,1.732800006866455,1.9337600469589233,0.8960780886912506,False
m3,1,prefill,16384,2,2.701375961303711,1.7712639570236206,dense_fa3,1.7712639570236206,1.9487680196762085,0.9089147292749188,False
m3,1,prefill,16384,4,2.7340800762176514,1.793984055519104,dense_fa3,1.793984055519104,1.9627519845962524,0.9140146435200956,False
m3,1,prefill,16384,8,2.745055913925171,1.8189760446548462,dense_fa3,1.8189760446548462,1.959328055381775,0.9283672734938809,False
m3,1,prefill,16384,16,2.7467520236968994,1.8511359691619873,dense_fa3,1.8511359691619873,1.9864319562911987,0.93188994634288,False
m3,1,prefill,16384,32,2.752768039703369,3.3643200397491455,dense_fa2,2.752768039703369,2.0299839973449707,1.3560540591963939,True
m3,1,prefill,32768,1,4.978015899658203,3.170367956161499,dense_fa3,3.170367956161499,2.271008014678955,1.396017951354383,True
m3,1,prefill,32768,2,5.034048080444336,3.135744094848633,dense_fa3,3.135744094848633,2.281599998474121,1.3743618938226432,True
m3,1,prefill,32768,4,5.073855876922607,3.159359931945801,dense_fa3,3.159359931945801,2.3013439178466797,1.3728325903161616,True
m3,1,prefill,32768,8,5.057055950164795,3.2030720710754395,dense_fa3,3.2030720710754395,2.316416025161743,1.382770640628678,True
m3,1,prefill,32768,16,5.062528133392334,3.301503896713257,dense_fa3,3.301503896713257,2.365312099456787,1.3958005362047037,True
m3,1,prefill,32768,32,5.185503959655762,6.463871955871582,dense_fa2,5.185503959655762,2.490015983581543,2.082518342792777,True
m3,1,prefill,65536,1,9.666784286499023,6.472447872161865,dense_fa3,6.472447872161865,3.006527900695801,2.1527982064174247,True
m3,1,prefill,65536,2,9.802656173706055,6.54585599899292,dense_fa3,6.54585599899292,3.007296085357666,2.1766583047356987,True
m3,1,prefill,65536,4,9.800671577453613,6.604576110839844,dense_fa3,6.604576110839844,3.018847942352295,2.1877803178432162,True
m3,1,prefill,65536,8,9.862496376037598,6.003583908081055,dense_fa3,6.003583908081055,3.071647882461548,1.9545156664473926,True
m3,1,prefill,65536,16,9.843584060668945,6.881184101104736,dense_fa3,6.881184101104736,3.155872106552124,2.1804382017947543,True
m3,1,prefill,65536,32,9.998527526855469,14.151647567749023,dense_fa2,9.998527526855469,3.3243520259857178,3.007662079316273,True
m3,1,prefill,131072,1,18.996288299560547,12.639583587646484,dense_fa3,12.639583587646484,4.3908162117004395,2.8786410039129215,True
m3,1,prefill,131072,2,19.192800521850586,12.675456047058105,dense_fa3,12.675456047058105,4.354944229125977,2.9105897527422595,True
m3,1,prefill,131072,4,19.213151931762695,12.867232322692871,dense_fa3,12.867232322692871,4.388415813446045,2.932090501375884,True
m3,1,prefill,131072,8,19.574848175048828,13.136799812316895,dense_fa3,13.136799812316895,4.469183921813965,2.9394180329425543,True
m3,1,prefill,131072,16,19.70707130432129,13.867008209228516,dense_fa3,13.867008209228516,4.612544059753418,3.0063687261493244,True
m3,1,prefill,131072,32,19.887392044067383,28.49452781677246,dense_fa2,19.887392044067383,4.768896102905273,4.170229674735779,True
m3,1,decode,16384,1,0.07942400127649307,0.27715200185775757,dense_fa2,0.07942400127649307,0.088128000497818,0.9012345772948698,False
m3,1,decode,16384,2,0.08953599631786346,0.28563201427459717,dense_fa2,0.08953599631786346,0.09929600358009338,0.9017079548991377,False
m3,1,decode,16384,4,0.10451199859380722,0.5021439790725708,dense_fa2,0.10451199859380722,0.10576000064611435,0.9881996780949057,False
m3,1,decode,16384,8,0.1345919966697693,0.7168959975242615,dense_fa2,0.1345919966697693,0.10892800241708755,1.2356051123972123,True
m3,1,decode,16384,16,0.19129599630832672,1.3606079816818237,dense_fa2,0.19129599630832672,0.13388800621032715,1.4287761967850674,True
m3,1,decode,16384,32,0.3160960078239441,2.692768096923828,dense_fa2,0.3160960078239441,0.16143999993801117,1.9579782454491879,True
m3,1,decode,32768,1,0.08736000210046768,0.49215999245643616,dense_fa2,0.08736000210046768,0.09795200079679489,0.8918654176518486,False
m3,1,decode,32768,2,0.10470400005578995,0.502623975276947,dense_fa2,0.10470400005578995,0.10278400033712387,1.0186799473883934,False
m3,1,decode,32768,4,0.13286399841308594,0.9363840222358704,dense_fa2,0.13286399841308594,0.11043199896812439,1.2031295245451132,True
m3,1,decode,32768,8,0.19392000138759613,1.3631360530853271,dense_fa2,0.19392000138759613,0.12547199428081512,1.5455241825007544,True
m3,1,decode,32768,16,0.3128319978713989,2.646399974822998,dense_fa2,0.3128319978713989,0.15222400426864624,2.0550766574193537,True
m3,1,decode,32768,32,0.5528960227966309,5.855072021484375,dense_fa2,0.5528960227966309,0.2014079988002777,2.7451542445685058,True
m3,1,decode,65536,1,0.10582400113344193,0.9183040261268616,dense_fa2,0.10582400113344193,0.1013759970664978,1.04387630401333,False
m3,1,decode,65536,2,0.1313920021057129,0.9267839789390564,dense_fa2,0.1313920021057129,0.10857599973678589,1.21013854281092,True
m3,1,decode,65536,4,0.19283199310302734,1.7664320468902588,dense_fa2,0.19283199310302734,0.12115199863910675,1.5916534210669055,True
m3,1,decode,65536,8,0.3107840120792389,2.61296010017395,dense_fa2,0.3107840120792389,0.14281600713729858,2.1761146968663074,True
m3,1,decode,65536,16,0.5501440167427063,5.192351818084717,dense_fa2,0.5501440167427063,0.18438400328159332,2.9836862577634795,True
m3,1,decode,65536,32,1.0250240564346313,11.966591835021973,dense_fa2,1.0250240564346313,0.2632960081100464,3.893048222767644,True
m3,1,decode,131072,1,0.13209599256515503,1.7849279642105103,dense_fa2,0.13209599256515503,0.10899200290441513,1.21197876032246,True
m3,1,decode,131072,2,0.19276799261569977,1.7963520288467407,dense_fa2,0.19276799261569977,0.12246400117874146,1.5740788375381156,True
m3,1,decode,131072,4,0.3103039860725403,3.4796481132507324,dense_fa2,0.3103039860725403,0.1388159990310669,2.235361833206953,True
m3,1,decode,131072,8,0.5479999780654907,5.342912197113037,dense_fa2,0.5479999780654907,0.17555199563503265,3.1215821619297697,True
m3,1,decode,131072,16,1.0215040445327759,11.55452823638916,dense_fa2,1.0215040445327759,0.24624000489711761,4.148408155529293,True
m3,1,decode,131072,32,1.9665919542312622,24.383071899414062,dense_fa2,1.9665919542312622,0.3874559998512268,5.0756523450053255,True
m3,2,prefill,16384,1,3.5565121173858643,2.3329598903656006,dense_fa3,2.3329598903656006,3.2590079307556152,0.7158497125303692,False
m3,2,prefill,16384,2,3.594912052154541,2.395456075668335,dense_fa3,2.395456075668335,3.2999041080474854,0.7259168743196294,False
m3,2,prefill,16384,4,3.6492159366607666,2.423840045928955,dense_fa3,2.423840045928955,3.3093440532684326,0.7324231046738944,False
m3,2,prefill,16384,8,3.663264036178589,2.464063882827759,dense_fa3,2.464063882827759,3.3181118965148926,0.7426102433181458,False
m3,2,prefill,16384,16,3.6763200759887695,2.5234880447387695,dense_fa3,2.5234880447387695,3.355168104171753,0.7521197050011033,False
m3,2,prefill,16384,32,3.7297279834747314,5.007904052734375,dense_fa2,3.7297279834747314,3.4595839977264404,1.0780856848470288,True
m3,2,prefill,32768,1,6.666560173034668,4.315328121185303,dense_fa3,4.315328121185303,3.649631977081299,1.1824008963874701,True
m3,2,prefill,32768,2,6.6420159339904785,4.6181440353393555,dense_fa3,4.6181440353393555,3.660991907119751,1.2614461196590392,True
m3,2,prefill,32768,4,6.76800012588501,4.544159889221191,dense_fa3,4.544159889221191,3.6934399604797363,1.2303326811439372,True
m3,2,prefill,32768,8,6.843776226043701,4.338143825531006,dense_fa3,4.338143825531006,3.7190399169921875,1.1664687452560405,True
m3,2,prefill,32768,16,6.935103893280029,4.6787519454956055,dense_fa3,4.6787519454956055,3.823551893234253,1.223666390869344,True
m3,2,prefill,32768,32,6.709504127502441,9.827391624450684,dense_fa2,6.709504127502441,4.076511859893799,1.6458934398089147,True
m3,2,prefill,65536,1,13.011136054992676,8.747039794921875,dense_fa3,8.747039794921875,4.571199893951416,1.9135106750627784,True
m3,2,prefill,65536,2,13.225312232971191,8.803903579711914,dense_fa3,8.803903579711914,4.580927848815918,1.9218603458222017,True
m3,2,prefill,65536,4,13.243295669555664,8.95206356048584,dense_fa3,8.95206356048584,4.650271892547607,1.9250623979282073,True
m3,2,prefill,65536,8,13.420096397399902,9.190400123596191,dense_fa3,9.190400123596191,4.726016044616699,1.9446400597951363,True
m3,2,prefill,65536,16,13.447680473327637,9.291775703430176,dense_fa3,9.291775703430176,4.90342378616333,1.8949566891709555,True
m3,2,prefill,65536,32,13.58902359008789,19.338687896728516,dense_fa2,13.58902359008789,5.211935997009277,2.607289037679198,True
m3,2,prefill,131072,1,25.51696014404297,17.06265640258789,dense_fa3,17.06265640258789,6.17033576965332,2.7652719462212594,True
m3,2,prefill,131072,2,25.6298885345459,16.981792449951172,dense_fa3,16.981792449951172,6.211423873901367,2.733961293690457,True
m3,2,prefill,131072,4,25.86252784729004,17.353567123413086,dense_fa3,17.353567123413086,6.3258562088012695,2.7432756216097323,True
m3,2,prefill,131072,8,26.003616333007812,17.671424865722656,dense_fa3,17.671424865722656,6.471744060516357,2.7305506368112953,True
m3,2,prefill,131072,16,26.471168518066406,18.689184188842773,dense_fa3,18.689184188842773,6.730400085449219,2.7768310875378472,True
m3,2,prefill,131072,32,26.72390365600586,38.97897720336914,dense_fa2,26.72390365600586,7.016543865203857,3.80869900757464,True
m3,2,decode,16384,1,0.10598400235176086,0.29232001304626465,dense_fa2,0.10598400235176086,0.11017599701881409,0.9619518336073022,False
m3,2,decode,16384,2,0.11446399986743927,0.2970240116119385,dense_fa2,0.11446399986743927,0.11612799763679504,0.9856710026589787,False
m3,2,decode,16384,4,0.14390400052070618,0.5141119956970215,dense_fa2,0.14390400052070618,0.12268800288438797,1.17292642424305,True
m3,2,decode,16384,8,0.2040639966726303,0.9372159838676453,dense_fa2,0.2040639966726303,0.13606399297714233,1.499764869511888,True
m3,2,decode,16384,16,0.3250559866428375,1.7936639785766602,dense_fa2,0.3250559866428375,0.1626880019903183,1.9980329382997886,True
m3,2,decode,16384,32,0.5670719742774963,3.6183040142059326,dense_fa2,0.5670719742774963,0.2141759991645813,2.6476915083362624,True
m3,2,decode,32768,1,0.11379200220108032,0.5055360198020935,dense_fa2,0.11379200220108032,0.1122559979557991,1.013683048329284,False
m3,2,decode,32768,2,0.14364799857139587,0.5154560208320618,dense_fa2,0.14364799857139587,0.11977600306272507,1.1993053274299807,True
m3,2,decode,32768,4,0.20339199900627136,0.9337279796600342,dense_fa2,0.20339199900627136,0.12822400033473969,1.5862240959204144,True
m3,2,decode,32768,8,0.3222399950027466,1.781440019607544,dense_fa2,0.3222399950027466,0.14681600034236908,2.1948561073132065,True
m3,2,decode,32768,16,0.566208004951477,3.507807970046997,dense_fa2,0.566208004951477,0.1815679967403412,3.1184350497692948,True
m3,2,decode,32768,32,1.0517760515213013,8.054143905639648,dense_fa2,1.0517760515213013,0.24595199525356293,4.27634689621842,True
m3,2,decode,65536,1,0.14342400431632996,0.9338880181312561,dense_fa2,0.14342400431632996,0.11657600104808807,1.230304719898283,True
m3,2,decode,65536,2,0.20319999754428864,0.9417600035667419,dense_fa2,0.20319999754428864,0.12508800625801086,1.624456281804998,True
m3,2,decode,65536,4,0.32236799597740173,1.7849279642105103,dense_fa2,0.32236799597740173,0.13785600662231445,2.338439969907127,True
m3,2,decode,65536,8,0.5626559853553772,3.449824094772339,dense_fa2,0.5626559853553772,0.16278399527072906,3.456457647569183,True
m3,2,decode,65536,16,1.0414400100708008,7.768928050994873,dense_fa2,1.0414400100708008,0.21315200626850128,4.885902921124418,True
m3,2,decode,65536,32,2.0168960094451904,16.31279945373535,dense_fa2,2.0168960094451904,0.30851200222969055,6.537496093729246,True
m3,2,decode,131072,1,0.2030079960823059,1.7828480005264282,dense_fa2,0.2030079960823059,0.12272000312805176,1.6542372140463355,True
m3,2,decode,131072,2,0.32236799597740173,1.7863680124282837,dense_fa2,0.32236799597740173,0.13756799697875977,2.3433356816787465,True
m3,2,decode,131072,4,0.5621119737625122,3.5579519271850586,dense_fa2,0.5621119737625122,0.15612800419330597,3.6003276713032686,True
m3,2,decode,131072,8,1.0415680408477783,7.225279808044434,dense_fa2,1.0415680408477783,0.19679999351501465,5.2925207071630975,True
m3,2,decode,131072,16,1.9984639883041382,15.659199714660645,dense_fa2,1.9984639883041382,0.2759679853916168,7.241651546892969,True
m3,2,decode,131072,32,3.9070401191711426,33.103553771972656,dense_fa2,3.9070401191711426,0.4273279905319214,9.14295390364626,True
