batch,config,context,cuda_graph,head_dim,hidden_dim,indexer_head_dim,indexer_kv_heads,indexer_q_heads,median_ms,min_ms,num_k_heads,num_q_heads,p90_ms,page_size,peak_allocated_gib,phase,query_tokens,query_tokens_per_request,status,top_k,variant
1,2,16384,False,128,8192,64,8,64,3.556191921234131,3.5414719581604004,8,64,3.5709118843078613,128,0.5470833778381348,prefill,2048,2048,ok,0,dense
1,2,16384,False,128,8192,64,8,64,9.8985595703125,9.879743576049805,8,64,9.93603229522705,128,0.9807977676391602,prefill,2048,2048,ok,2048,sparse
2,2,16384,False,128,8192,64,8,64,3.6053121089935303,3.589600086212158,8,64,3.673408031463623,128,0.610621452331543,prefill,2048,1024,ok,0,dense
2,2,16384,False,128,8192,64,8,64,9.9716157913208,9.955455780029297,8,64,9.987775802612305,128,1.0589842796325684,prefill,2048,1024,ok,2048,sparse
4,2,16384,False,128,8192,64,8,64,3.625823974609375,3.619584083557129,8,64,3.640608072280884,128,0.7357444763183594,prefill,2048,512,ok,0,dense
4,2,16384,False,128,8192,64,8,64,9.9749116897583,9.966496467590332,8,64,9.984543800354004,128,1.2153573036193848,prefill,2048,512,ok,2048,sparse
8,2,16384,False,128,8192,64,8,64,3.6502718925476074,3.6364479064941406,8,64,3.746687889099121,128,0.9859905242919922,prefill,2048,256,ok,0,dense
8,2,16384,False,128,8192,64,8,64,10.03433609008789,10.025728225708008,8,64,10.043871879577637,128,1.5281033515930176,prefill,2048,256,ok,2048,sparse
16,2,16384,False,128,8192,64,8,64,3.6514880657196045,3.638495922088623,8,64,3.661855936050415,128,1.4864826202392578,prefill,2048,128,ok,0,dense
16,2,16384,False,128,8192,64,8,64,10.112768173217773,10.105440139770508,8,64,10.126239776611328,128,2.153595447540283,prefill,2048,128,ok,2048,sparse
32,2,16384,False,128,8192,64,8,64,3.7189760208129883,3.632416009902954,8,64,3.8723199367523193,128,2.487466812133789,prefill,2048,64,ok,0,dense
32,2,16384,False,128,8192,64,8,64,10.1778564453125,10.159968376159668,8,64,10.19484806060791,128,3.4045796394348145,prefill,2048,64,ok,2048,sparse
1,2,32768,False,128,8192,64,8,64,6.639455795288086,6.599520206451416,8,64,6.764319896697998,128,0.610621452331543,prefill,2048,2048,ok,0,dense
1,2,32768,False,128,8192,64,8,64,13.977727890014648,13.86854362487793,8,64,13.998047828674316,128,0.9535155296325684,prefill,2048,2048,ok,2048,sparse
2,2,32768,False,128,8192,64,8,64,6.7366719245910645,6.638175964355469,8,64,6.743296146392822,128,0.7357444763183594,prefill,2048,1024,ok,0,dense
2,2,32768,False,128,8192,64,8,64,13.984416007995605,13.905023574829102,8,64,13.993760108947754,128,1.1098885536193848,prefill,2048,1024,ok,2048,sparse
4,2,32768,False,128,8192,64,8,64,6.711328029632568,6.65180778503418,8,64,6.8823041915893555,128,0.9859905242919922,prefill,2048,512,ok,0,dense
4,2,32768,False,128,8192,64,8,64,13.993375778198242,13.922207832336426,8,64,14.010047912597656,128,1.4226346015930176,prefill,2048,512,ok,2048,sparse
8,2,32768,False,128,8192,64,8,64,6.843616008758545,6.686783790588379,8,64,7.021376132965088,128,1.4864826202392578,prefill,2048,256,ok,0,dense
8,2,32768,False,128,8192,64,8,64,14.010368347167969,13.938688278198242,8,64,14.039008140563965,128,2.048126697540283,prefill,2048,256,ok,2048,sparse
16,2,32768,False,128,8192,64,8,64,6.765312194824219,6.696224212646484,8,64,7.090335845947266,128,2.487466812133789,prefill,2048,128,ok,0,dense
16,2,32768,False,128,8192,64,8,64,14.10204792022705,14.040608406066895,8,64,14.113408088684082,128,3.2991108894348145,prefill,2048,128,ok,2048,sparse
32,2,32768,False,128,8192,64,8,64,6.9673919677734375,6.696415901184082,8,64,7.199552059173584,128,4.489435195922852,prefill,2048,64,ok,0,dense
32,2,32768,False,128,8192,64,8,64,14.255743980407715,14.172351837158203,8,64,14.272064208984375,128,5.801079273223877,prefill,2048,64,ok,2048,sparse
1,2,65536,False,128,8192,64,8,64,13.086688041687012,12.676608085632324,8,64,13.10371208190918,128,0.7357444763183594,prefill,2048,2048,ok,0,dense
1,2,65536,False,128,8192,64,8,64,21.51603126525879,21.461599349975586,8,64,21.611936569213867,128,1.0571541786193848,prefill,2048,2048,ok,2048,sparse
2,2,65536,False,128,8192,64,8,64,13.151328086853027,12.739487648010254,8,64,13.215264320373535,128,0.9859905242919922,prefill,2048,1024,ok,0,dense
2,2,65536,False,128,8192,64,8,64,21.419296264648438,21.36079978942871,8,64,21.57699203491211,128,1.3699002265930176,prefill,2048,1024,ok,2048,sparse
4,2,65536,False,128,8192,64,8,64,13.110367774963379,12.745152473449707,8,64,13.287551879882812,128,1.4864826202392578,prefill,2048,512,ok,0,dense
4,2,65536,False,128,8192,64,8,64,21.455232620239258,21.37923240661621,8,64,21.609119415283203,128,1.9953923225402832,prefill,2048,512,ok,2048,sparse
8,2,65536,False,128,8192,64,8,64,13.308287620544434,12.772159576416016,8,64,13.330080032348633,128,2.487466812133789,prefill,2048,256,ok,0,dense
8,2,65536,False,128,8192,64,8,64,21.44419288635254,21.37228775024414,8,64,21.558399200439453,128,3.2463765144348145,prefill,2048,256,ok,2048,sparse
16,2,65536,False,128,8192,64,8,64,13.44819164276123,12.703680038452148,8,64,13.45462417602539,128,4.489435195922852,prefill,2048,128,ok,0,dense
16,2,65536,False,128,8192,64,8,64,21.435007095336914,21.395999908447266,8,64,21.621408462524414,128,5.748344898223877,prefill,2048,128,ok,2048,sparse
32,2,65536,False,128,8192,64,8,64,13.667936325073242,13.000448226928711,8,64,13.784735679626465,128,8.493371963500977,prefill,2048,64,ok,0,dense
32,2,65536,False,128,8192,64,8,64,21.640832901000977,21.611360549926758,8,64,21.756927490234375,128,10.752281665802002,prefill,2048,64,ok,2048,sparse
1,2,131072,False,128,8192,64,8,64,25.48588752746582,24.980287551879883,8,64,25.950912475585938,128,0.9859905242919922,prefill,2048,2048,ok,0,dense
1,2,131072,False,128,8192,64,8,64,38.642112731933594,38.620479583740234,8,64,38.68272018432617,128,1.3435330390930176,prefill,2048,2048,ok,2048,sparse
2,2,131072,False,128,8192,64,8,64,25.82383918762207,25.507551193237305,8,64,25.98428726196289,128,1.4864826202392578,prefill,2048,1024,ok,0,dense
2,2,131072,False,128,8192,64,8,64,38.600318908691406,38.56697463989258,8,64,38.66543960571289,128,1.9690251350402832,prefill,2048,1024,ok,2048,sparse
4,2,131072,False,128,8192,64,8,64,25.955360412597656,25.52467155456543,8,64,26.044607162475586,128,2.487466812133789,prefill,2048,512,ok,0,dense
4,2,131072,False,128,8192,64,8,64,38.6038703918457,38.559326171875,8,64,38.783199310302734,128,3.2200093269348145,prefill,2048,512,ok,2048,sparse
8,2,131072,False,128,8192,64,8,64,26.013471603393555,25.525087356567383,8,64,26.035999298095703,128,4.489435195922852,prefill,2048,256,ok,0,dense
8,2,131072,False,128,8192,64,8,64,38.5807991027832,38.52000045776367,8,64,38.69481658935547,128,5.721977710723877,prefill,2048,256,ok,2048,sparse
16,2,131072,False,128,8192,64,8,64,26.292224884033203,25.98806381225586,8,64,26.38697624206543,128,8.493371963500977,prefill,2048,128,ok,0,dense
16,2,131072,False,128,8192,64,8,64,38.57913589477539,38.54374313354492,8,64,38.71596908569336,128,10.725914478302002,prefill,2048,128,ok,2048,sparse
32,2,131072,False,128,8192,64,8,64,26.808799743652344,26.408287048339844,8,64,27.025087356567383,128,16.501245498657227,prefill,2048,64,ok,0,dense
32,2,131072,False,128,8192,64,8,64,38.5753288269043,38.52182388305664,8,64,38.86636734008789,128,20.733788013458252,prefill,2048,64,ok,2048,sparse
1,2,16384,True,128,8192,64,8,64,0.09574399888515472,0.09385599941015244,8,64,0.0963200032711029,128,0.47763538360595703,decode,1,1,ok,0,dense
1,2,16384,True,128,8192,64,8,64,0.15692800283432007,0.15590399503707886,8,64,0.15839999914169312,128,0.62030029296875,decode,1,1,ok,2048,sparse
2,2,16384,True,128,8192,64,8,64,0.11072000116109848,0.10889600217342377,8,64,0.11168000102043152,128,0.5402274131774902,decode,2,1,ok,0,dense
2,2,16384,True,128,8192,64,8,64,0.18134400248527527,0.18038399517536163,8,64,0.1825920045375824,128,0.5118751525878906,decode,2,1,ok,2048,sparse
4,2,16384,True,128,8192,64,8,64,0.14422400295734406,0.13952000439167023,8,64,0.1459520012140274,128,0.6654114723205566,decode,4,1,ok,0,dense
4,2,16384,True,128,8192,64,8,64,0.20444799959659576,0.20323200523853302,8,64,0.20579199492931366,128,0.670231819152832,decode,4,1,ok,2048,sparse
8,2,16384,True,128,8192,64,8,64,0.20451200008392334,0.20099200308322906,8,64,0.20707200467586517,128,0.9157795906066895,decode,8,1,ok,0,dense
8,2,16384,True,128,8192,64,8,64,0.24755200743675232,0.24620799720287323,8,64,0.2497600018978119,128,0.9869451522827148,decode,8,1,ok,2048,sparse
16,2,16384,True,128,8192,64,8,64,0.32444798946380615,0.31964799761772156,8,64,0.32652801275253296,128,1.416515827178955,decode,16,1,ok,0,dense
16,2,16384,True,128,8192,64,8,64,0.3073599934577942,0.3049280047416687,8,64,0.3084160089492798,128,1.8016014099121094,decode,16,1,ok,2048,sparse
32,2,16384,True,128,8192,64,8,64,0.5722879767417908,0.5629439949989319,8,64,0.576416015625,128,2.4179883003234863,decode,32,1,ok,0,dense
32,2,16384,True,128,8192,64,8,64,0.44569599628448486,0.4435200095176697,8,64,0.44736000895500183,128,3.054250717163086,decode,32,1,ok,2048,sparse
1,2,32768,True,128,8192,64,8,64,0.11395200341939926,0.10864000022411346,8,64,0.11548800021409988,128,0.5401968955993652,decode,1,1,ok,0,dense
1,2,32768,True,128,8192,64,8,64,0.18111999332904816,0.17958399653434753,8,64,0.18227200210094452,128,0.5108833312988281,decode,1,1,ok,2048,sparse
2,2,32768,True,128,8192,64,8,64,0.14361600577831268,0.13952000439167023,8,64,0.14627200365066528,128,0.6653504371643066,decode,2,1,ok,0,dense
2,2,32768,True,128,8192,64,8,64,0.19750399887561798,0.1966399997472763,8,64,0.1982080042362213,128,0.668248176574707,decode,2,1,ok,2048,sparse
4,2,32768,True,128,8192,64,8,64,0.20313599705696106,0.19891199469566345,8,64,0.20563200116157532,128,0.9156575202941895,decode,4,1,ok,0,dense
4,2,32768,True,128,8192,64,8,64,0.22937600314617157,0.2274560034275055,8,64,0.2303999960422516,128,0.9829778671264648,decode,4,1,ok,2048,sparse
8,2,32768,True,128,8192,64,8,64,0.32342401146888733,0.31782400608062744,8,64,0.3255999982357025,128,1.416271686553955,decode,8,1,ok,0,dense
8,2,32768,True,128,8192,64,8,64,0.2913919985294342,0.2897599935531616,8,64,0.29286399483680725,128,1.6124372482299805,decode,8,1,ok,2048,sparse
16,2,32768,True,128,8192,64,8,64,0.5640320181846619,0.559391975402832,8,64,0.5687040090560913,128,2.4175000190734863,decode,16,1,ok,0,dense
16,2,32768,True,128,8192,64,8,64,0.38355201482772827,0.38147199153900146,8,64,0.3861759901046753,128,2.8635435104370117,decode,16,1,ok,2048,sparse
32,2,32768,True,128,8192,64,8,64,1.0523840188980103,1.046496033668518,8,64,1.0576640367507935,128,4.419956684112549,decode,32,1,ok,0,dense
32,2,32768,True,128,8192,64,8,64,0.5964800119400024,0.5952640175819397,8,64,0.5992000102996826,128,5.365756034851074,decode,32,1,ok,2048,sparse
1,2,65536,True,128,8192,64,8,64,0.1420159935951233,0.1379839926958084,8,64,0.1441279947757721,128,0.6653199195861816,decode,1,1,ok,0,dense
1,2,65536,True,128,8192,64,8,64,0.20371200144290924,0.20182399451732635,8,64,0.2051199972629547,128,0.6672563552856445,decode,1,1,ok,2048,sparse
2,2,65536,True,128,8192,64,8,64,0.20390400290489197,0.19868800044059753,8,64,0.2046079933643341,128,0.9155964851379395,decode,2,1,ok,0,dense
2,2,65536,True,128,8192,64,8,64,0.22819200158119202,0.22697600722312927,8,64,0.23068800568580627,128,0.9809942245483398,decode,2,1,ok,2048,sparse
4,2,65536,True,128,8192,64,8,64,0.3229120075702667,0.31859201192855835,8,64,0.32601600885391235,128,1.416149616241455,decode,4,1,ok,0,dense
4,2,65536,True,128,8192,64,8,64,0.27798399329185486,0.2772800028324127,8,64,0.27900800108909607,128,1.6084699630737305,decode,4,1,ok,2048,sparse
8,2,65536,True,128,8192,64,8,64,0.5623360276222229,0.5577600002288818,8,64,0.565343976020813,128,2.4172558784484863,decode,8,1,ok,0,dense
8,2,65536,True,128,8192,64,8,64,0.3718079924583435,0.37007999420166016,8,64,0.37350401282310486,128,2.8634214401245117,decode,8,1,ok,2048,sparse
16,2,65536,True,128,8192,64,8,64,1.0406080484390259,1.0369919538497925,8,64,1.0456000566482544,128,4.419468402862549,decode,16,1,ok,0,dense
16,2,65536,True,128,8192,64,8,64,0.5338240265846252,0.5312640070915222,8,64,0.5357760190963745,128,5.365511894226074,decode,16,1,ok,2048,sparse
32,2,65536,True,128,8192,64,8,64,2.0134079456329346,1.987231969833374,8,64,2.0226879119873047,128,8.423893451690674,decode,32,1,ok,0,dense
32,2,65536,True,128,8192,64,8,64,0.893280029296875,0.8897920250892639,8,64,0.8955199718475342,128,10.37448787689209,decode,32,1,ok,2048,sparse
1,2,131072,True,128,8192,64,8,64,0.20188799500465393,0.197952002286911,8,64,0.2035199999809265,128,0.9155659675598145,decode,1,1,ok,0,dense
1,2,131072,True,128,8192,64,8,64,0.2412160038948059,0.2396479994058609,8,64,0.24271999299526215,128,0.9800024032592773,decode,1,1,ok,2048,sparse
2,2,131072,True,128,8192,64,8,64,0.32262399792671204,0.31673601269721985,8,64,0.32524800300598145,128,1.416088581085205,decode,2,1,ok,0,dense
2,2,131072,True,128,8192,64,8,64,0.2836799919605255,0.2819199860095978,8,64,0.28460800647735596,128,1.6064863204956055,decode,2,1,ok,2048,sparse
4,2,131072,True,128,8192,64,8,64,0.5619519948959351,0.5554879903793335,8,64,0.5670080184936523,128,2.4171338081359863,decode,4,1,ok,0,dense
4,2,131072,True,128,8192,64,8,64,0.3647040128707886,0.3633599877357483,8,64,0.3665280044078827,128,2.8594541549682617,decode,4,1,ok,2048,sparse
8,2,131072,True,128,8192,64,8,64,1.0412479639053345,1.0373120307922363,8,64,1.0448319911956787,128,4.419224262237549,decode,8,1,ok,0,dense
8,2,131072,True,128,8192,64,8,64,0.5281599760055542,0.5264000296592712,8,64,0.5299199819564819,128,5.365389823913574,decode,8,1,ok,2048,sparse
16,2,131072,True,128,8192,64,8,64,1.9943679571151733,1.9872000217437744,8,64,1.9988479614257812,128,8.423405170440674,decode,16,1,ok,0,dense
16,2,131072,True,128,8192,64,8,64,0.8325440287590027,0.8308799862861633,8,64,0.8356480002403259,128,10.3694486618042,decode,16,1,ok,2048,sparse
32,2,131072,True,128,8192,64,8,64,3.9596478939056396,3.9478719234466553,8,64,3.9695041179656982,128,16.431766986846924,decode,32,1,ok,0,dense
32,2,131072,True,128,8192,64,8,64,1.4903039932250977,1.4887360334396362,8,64,1.4929920434951782,128,20.44486141204834,decode,32,1,ok,2048,sparse
