experiment,config,phase,context,batch,dense_backend,dense_ms,dense_fa2_ms,dense_fa3_ms,sparse_ms,two_stage_ms,sparse_speedup,two_stage_speedup,indexer_speedup
2,1,prefill,16384,1,dense_fa3,1.7228800058364868,2.6700479984283447,1.7228800058364868,4.4912638664245605,5.546527862548828,0.3836069438529895,0.31062315894411857,0.8097433164900147
2,1,prefill,16384,2,dense_fa3,1.7546559572219849,2.680864095687866,1.7546559572219849,4.535071849822998,5.530303955078125,0.38690808333951054,0.31728020222302544,0.8200402521562546
2,1,prefill,16384,4,dense_fa3,1.7839360237121582,2.70032000541687,1.7839360237121582,4.54969596862793,5.523136138916016,0.39210005152281574,0.32299331011280813,0.8237522766405798
2,1,prefill,16384,8,dense_fa3,1.803871989250183,2.7069759368896484,1.803871989250183,4.562111854553223,5.528448104858398,0.3954028412192099,0.326289033565304,0.8252065983117469
2,1,prefill,16384,16,dense_fa3,1.832703948020935,2.7194879055023193,1.832703948020935,4.582496166229248,5.548704147338867,0.3999357296852893,0.3302940469262344,0.8258678142764184
2,1,prefill,16384,32,dense_fa2,2.722464084625244,2.722464084625244,3.4231998920440674,4.607264041900635,5.577439785003662,0.590906893953954,0.48812074886855217,0.8260535692896969
2,1,prefill,32768,1,dense_fa3,3.0643839836120605,4.9285759925842285,3.0643839836120605,5.994976043701172,5.505695819854736,0.5111586704056577,0.5565843235583822,1.0888680086687652
2,1,prefill,32768,2,dense_fa3,3.115936040878296,4.959392070770264,3.115936040878296,5.995711803436279,5.5141119956970215,0.519694098554317,0.5650839234512901,1.087339504187633
2,1,prefill,32768,4,dense_fa3,3.134783983230591,4.974815845489502,3.134783983230591,6.003551959991455,5.526879787445068,0.5221548849949577,0.5671887400828958,1.08624616255074
2,1,prefill,32768,8,dense_fa3,3.175584077835083,5.002655982971191,3.175584077835083,6.045536041259766,5.541759967803955,0.5252775032953664,0.5730280806610754,1.0909054301129255
2,1,prefill,32768,16,dense_fa3,3.5063679218292236,5.150015830993652,3.5063679218292236,6.056064128875732,5.562848091125488,0.5789846090153866,0.6303188338763008,1.0886625033922965
2,1,prefill,32768,32,dense_fa2,5.229440212249756,5.229440212249756,7.12937593460083,6.079103946685791,5.619904041290283,0.8602320766534589,0.9305212640337396,1.0817095633700677
2,1,prefill,65536,1,dense_fa3,6.4140801429748535,9.687040328979492,6.4140801429748535,8.72332763671875,5.547488212585449,0.7352790597909363,1.1562133883265202,1.572482410494961
2,1,prefill,65536,2,dense_fa3,6.5886077880859375,9.709152221679688,6.5886077880859375,8.729920387268066,5.563488006591797,0.754715678472272,1.1842584688381723,1.569145179593194
2,1,prefill,65536,4,dense_fa3,6.117440223693848,9.855584144592285,6.117440223693848,8.737600326538086,5.581344127655029,0.7001281810880942,1.09605143201662,1.5655010919760541
2,1,prefill,65536,8,dense_fa3,6.69920015335083,9.76899242401123,6.69920015335083,8.725824356079102,5.579103946685791,0.767744098433936,1.2007663268812945,1.5640189606545307
2,1,prefill,65536,16,dense_fa3,6.821087837219238,9.943648338317871,6.821087837219238,8.78377628326416,5.63270378112793,0.7765552784188667,1.2109793275607579,1.559424501017385
2,1,prefill,65536,32,dense_fa2,10.161343574523926,10.161343574523926,13.923775672912598,8.842495918273926,5.738976001739502,1.149148800116997,1.7705847822754426,1.540779385659347
2,1,prefill,131072,1,dense_fa3,12.641695976257324,19.067840576171875,12.641695976257324,16.203840255737305,5.606112003326416,0.7801666627626294,2.2549845541359694,2.8903882487760986
2,1,prefill,131072,2,dense_fa3,12.725760459899902,19.200031280517578,12.725760459899902,16.28998374938965,5.6077117919921875,0.781201544192867,2.26933211476244,2.9049252803347962
2,1,prefill,131072,4,dense_fa3,12.813376426696777,19.189983367919922,12.813376426696777,16.236576080322266,5.617599964141846,0.789167393624682,2.2809342972954414,2.8903047892272964
2,1,prefill,131072,8,dense_fa3,13.04582405090332,19.24550437927246,13.04582405090332,16.319744110107422,5.65177583694458,0.7993890077494266,2.308269900873502,2.887542708864773
2,1,prefill,131072,16,dense_fa3,13.582304000854492,19.61667251586914,13.582304000854492,16.245792388916016,5.757696151733398,0.8360505708617367,2.358982419863444,2.8215786246422705
2,1,prefill,131072,32,dense_fa2,20.065824508666992,20.065824508666992,28.54572868347168,16.407360076904297,5.895135879516602,1.2229770307115102,3.403793384710308,2.7832030358984183
2,1,decode,16384,1,dense_fa2,0.08003199845552444,0.08003199845552444,0.2791680097579956,0.12054400146007538,0.17206400632858276,0.6639235257345538,0.4651292281471756,0.7005765123815495
2,1,decode,16384,2,dense_fa2,0.08854400366544724,0.08854400366544724,0.2842560112476349,0.15452800691127777,0.19075199961662292,0.5729964776953653,0.46418388191685905,0.8100990145416622
2,1,decode,16384,4,dense_fa2,0.1035199984908104,0.1035199984908104,0.502240002155304,0.1703999936580658,0.20163199305534363,0.6075117508427814,0.5134105799489687,0.8451039494079428
2,1,decode,16384,8,dense_fa2,0.13475200533866882,0.13475200533866882,0.7143039703369141,0.19654400646686554,0.2264000028371811,0.6856072986452836,0.595194362411637,0.868127226165333
2,1,decode,16384,16,dense_fa2,0.19417600333690643,0.19417600333690643,1.3503040075302124,0.25097599625587463,0.27327999472618103,0.7736835642996729,0.7105386676088947,0.9183840789639418
2,1,decode,16384,32,dense_fa2,0.31536000967025757,0.31536000967025757,2.684191942214966,0.28246399760246277,0.29020801186561584,1.116460902440715,1.0866688608731059,0.9733156427578608
2,1,decode,32768,1,dense_fa2,0.08908800035715103,0.08908800035715103,0.49513599276542664,0.1408960074186325,0.17161600291728973,0.632296130950335,0.5191124303255504,0.8209957406276225
2,1,decode,32768,2,dense_fa2,0.10358399897813797,0.10358399897813797,0.5002880096435547,0.18329599499702454,0.1892479956150055,0.5651187249335123,0.5473452896635318,0.9685492012814269
2,1,decode,32768,4,dense_fa2,0.1337279975414276,0.1337279975414276,0.9233279824256897,0.19964799284934998,0.20134399831295013,0.6698188929068566,0.664176725712844,0.9915765780067403
2,1,decode,32768,8,dense_fa2,0.19289599359035492,0.19289599359035492,1.3478399515151978,0.23241600394248962,0.22649599611759186,0.8299600299387568,0.8516529956238497,1.026137361924156
2,1,decode,32768,16,dense_fa2,0.3123840093612671,0.3123840093612671,2.643104076385498,0.30275198817253113,0.2754879891872406,1.0318148899595232,1.1339296870360087,1.0989661983657664
2,1,decode,32768,32,dense_fa2,0.5524479746818542,0.5524479746818542,5.9883198738098145,0.35923200845718384,0.2948159873485565,1.5378584359853875,1.8738738684096643,1.2184956850134088
2,1,decode,65536,1,dense_fa2,0.10371199995279312,0.10371199995279312,0.9193919897079468,0.1584320068359375,0.16976000368595123,0.6546152007036743,0.6109330684550166,0.933270519533152
2,1,decode,65536,2,dense_fa2,0.13526399433612823,0.13526399433612823,0.9292479753494263,0.23043200373649597,0.1894720047712326,0.5870017712071174,0.7138996312381093,1.2161796884701686
2,1,decode,65536,4,dense_fa2,0.19209599494934082,0.19209599494934082,1.7695039510726929,0.2526080012321472,0.20179200172424316,0.7604509517210591,0.9519504901480074,1.2518236554159672
2,1,decode,65536,8,dense_fa2,0.31190401315689087,0.31190401315689087,2.6082561016082764,0.30166399478912354,0.22655999660491943,1.0339451129224937,1.3766949939569266,1.3314971720942077
2,1,decode,65536,16,dense_fa2,0.5494080185890198,0.5494080185890198,5.180543899536133,0.39667201042175293,0.27616000175476074,1.3850435729127286,1.9894554428519753,1.4363847331302193
2,1,decode,65536,32,dense_fa2,1.0255680084228516,1.0255680084228516,12.12816047668457,0.5047680139541626,0.297791987657547,2.0317610864225286,3.443907327695559,1.6950355781050517
2,1,decode,131072,1,dense_fa2,0.13513599336147308,0.13513599336147308,1.7759360074996948,0.18409599363803864,0.1687999963760376,0.7340517883684718,0.8005686982387674,1.0906160994691374
2,1,decode,131072,2,dense_fa2,0.19094400107860565,0.19094400107860565,1.780128002166748,0.31804800033569336,0.1918720006942749,0.600362212235474,0.995163444315422,1.6576050657983434
2,1,decode,131072,4,dense_fa2,0.3127039968967438,0.3127039968967438,3.4562880992889404,0.3563840091228485,0.20236800611019135,0.8774355439414571,1.545224479439074,1.7610689356142293
2,1,decode,131072,8,dense_fa2,0.546783983707428,0.546783983707428,5.277535915374756,0.4320000112056732,0.22812800109386444,1.2657036331582563,2.3968297669975676,1.893673767070464
2,1,decode,131072,16,dense_fa2,1.0208959579467773,1.0208959579467773,11.504672050476074,0.5794879794120789,0.2777920067310333,1.7617206813893365,3.6750371976514065,2.086049869581585
2,1,decode,131072,32,dense_fa2,1.9678720235824585,1.9678720235824585,24.233503341674805,0.8011519908905029,0.30003198981285095,2.456302981154816,6.558874021433333,2.670221903305152
2,2,prefill,16384,1,dense_fa3,2.327903985977173,3.5681920051574707,2.327903985977173,8.602848052978516,10.78003215789795,0.27059689670692205,0.2159459222272953,0.7980354721554028
2,2,prefill,16384,2,dense_fa3,2.4128000736236572,3.5782721042633057,2.4128000736236572,8.730239868164062,10.711359977722168,0.2763727125553837,0.2252561839618757,0.8150449509979589
2,2,prefill,16384,4,dense_fa3,2.4307520389556885,3.620896100997925,2.4307520389556885,8.742431640625,10.703840255737305,0.27804072583882544,0.22709158403712115,0.8167565501492812
2,2,prefill,16384,8,dense_fa3,2.4611520767211914,3.651808023452759,2.4611520767211914,8.78172779083252,10.708703994750977,0.2802582971531472,0.22982725808160914,0.8200551434736648
2,2,prefill,16384,16,dense_fa3,2.6146240234375,3.6304640769958496,2.6146240234375,8.825984001159668,10.725503921508789,0.2962416454747661,0.24377633373422822,0.8228969068259956
2,2,prefill,16384,32,dense_fa2,3.6572160720825195,3.6572160720825195,4.822175979614258,8.790335655212402,10.780256271362305,0.41604964992592763,0.33925131091715277,0.8154106390368366
2,2,prefill,32768,1,dense_fa3,4.151584148406982,6.575136184692383,4.151584148406982,11.638976097106934,10.68723201751709,0.3566966813720779,0.3884620584265652,1.089054310604455
2,2,prefill,32768,2,dense_fa3,4.211071968078613,6.6460161209106445,4.211071968078613,11.683072090148926,10.675616264343262,0.3604421795556116,0.39445703777716934,1.0943698050641426
2,2,prefill,32768,4,dense_fa3,4.539616107940674,6.887392044067383,4.539616107940674,11.684831619262695,10.70736026763916,0.38850505132286367,0.42397154802577713,1.0912896668451275
2,2,prefill,32768,8,dense_fa3,4.738368034362793,6.795487880706787,4.738368034362793,11.697343826293945,10.722847938537598,0.4050806836772314,0.4418945471877148,1.0908803233377988
2,2,prefill,32768,16,dense_fa3,4.798431873321533,6.9622721672058105,4.798431873321533,11.701472282409668,10.76416015625,0.41007078062602553,0.4457785655052166,1.0870771256237242
2,2,prefill,32768,32,dense_fa2,7.046175956726074,7.046175956726074,9.73145580291748,11.769984245300293,10.828479766845703,0.5986563626488781,0.6507077732462347,1.0869470598575859
2,2,prefill,65536,1,dense_fa3,8.758336067199707,12.997952461242676,8.758336067199707,17.08025550842285,10.760031700134277,0.51277547123816,0.8139693554146694,1.5873796643377642
2,2,prefill,65536,2,dense_fa3,8.823807716369629,13.125503540039062,8.823807716369629,17.091808319091797,10.762144088745117,0.5162594590130822,0.8198931034195528,1.5881415615840104
2,2,prefill,65536,4,dense_fa3,8.752832412719727,13.151871681213379,8.752832412719727,17.032703399658203,10.774239540100098,0.5138839212626324,0.8123851692867048,1.5808729085950841
2,2,prefill,65536,8,dense_fa3,9.099040031433105,13.420543670654297,9.099040031433105,17.095712661743164,10.802720069885254,0.5322410484702965,0.8422915684725093,1.582537782257349
2,2,prefill,65536,16,dense_fa3,9.33897590637207,13.500767707824707,9.33897590637207,17.053407669067383,10.844832420349121,0.5476310710211738,0.8611452482058203,1.5724915801436048
2,2,prefill,65536,32,dense_fa2,13.682527542114258,13.682527542114258,19.447359085083008,17.21491241455078,10.951104164123535,0.7948066892602486,1.2494199066190081,1.571979606490079
2,2,prefill,131072,1,dense_fa3,16.933536529541016,25.720895767211914,16.933536529541016,32.020896911621094,10.869952201843262,0.5288276770097423,1.557829897970437,2.9458176371917424
2,2,prefill,131072,2,dense_fa3,17.12259292602539,25.775680541992188,17.12259292602539,32.056705474853516,10.854623794555664,0.5341345179546599,1.5774469249329066,2.953276509770163
2,2,prefill,131072,4,dense_fa3,17.268768310546875,25.891616821289062,17.268768310546875,32.04003143310547,10.876255989074707,0.5389747618257286,1.587749343882077,2.945869558907951
2,2,prefill,131072,8,dense_fa3,17.693920135498047,26.193119049072266,17.693920135498047,31.999135971069336,10.907327651977539,0.5529499343824551,1.6222048791474668,2.933728314768996
2,2,prefill,131072,16,dense_fa3,18.569120407104492,26.484352111816406,18.569120407104492,31.99091148376465,10.987680435180664,0.5804498698490758,1.689994582264093,2.9115254736873535
2,2,prefill,131072,32,dense_fa2,26.818592071533203,26.818592071533203,39.148990631103516,32.04924774169922,11.20736026763916,0.8367931842793171,2.3929445856194076,2.8596607029971404
2,2,decode,16384,1,dense_fa2,0.09542399644851685,0.09542399644851685,0.2876160144805908,0.15196800231933594,0.19542400538921356,0.6279216347662379,0.4882920921535046,0.7776322157386496
2,2,decode,16384,2,dense_fa2,0.11462400108575821,0.11462400108575821,0.2978239953517914,0.1732800006866455,0.20454399287700653,0.6614958485199969,0.5603880098042394,0.8471527237215896
2,2,decode,16384,4,dense_fa2,0.143327996134758,0.143327996134758,0.510528028011322,0.19366399943828583,0.2221439927816391,0.7400859041973455,0.6452031150608026,0.8717948975944254
2,2,decode,16384,8,dense_fa2,0.2046079933643341,0.2046079933643341,0.9376639723777771,0.2319359928369522,0.25308799743652344,0.8821743915709137,0.8084460560625815,0.9164243076960759
2,2,decode,16384,16,dense_fa2,0.3243519961833954,0.3243519961833954,1.7989439964294434,0.2840000092983246,0.2898559868335724,1.142084456210998,1.1190108568281174,0.9797969412354759
2,2,decode,16384,32,dense_fa2,0.5714240074157715,0.5714240074157715,3.8039040565490723,0.4166080057621002,0.3920319974422455,1.3716107216193953,1.4575953267690966,1.0626887817326067
2,2,decode,32768,1,dense_fa2,0.11376000195741653,0.11376000195741653,0.5057920217514038,0.19075199961662292,0.19574399292469025,0.5963764583650688,0.5811672698491652,0.9744973358646672
2,2,decode,32768,2,dense_fa2,0.14393599331378937,0.14393599331378937,0.5118719935417175,0.2035199999809265,0.20553599298000336,0.707232671615953,0.7002958033135974,0.9901915330261742
2,2,decode,32768,4,dense_fa2,0.20339199900627136,0.20339199900627136,0.9369279742240906,0.22972799837589264,0.2229440063238144,0.8853600799388459,0.9123008165146868,1.0304291295556287
2,2,decode,32768,8,dense_fa2,0.3235839903354645,0.3235839903354645,1.7758079767227173,0.2829119861125946,0.2550719976425171,1.1437620398546247,1.2685986440148824,1.1091456087982468
2,2,decode,32768,16,dense_fa2,0.5647040009498596,0.5647040009498596,3.5195200443267822,0.35951998829841614,0.2932479977607727,1.5707165646688117,1.9256874906628916,1.2259929856084035
2,2,decode,32768,32,dense_fa2,1.051967978477478,1.051967978477478,8.128928184509277,0.5654720067977905,0.39932799339294434,1.860336083539597,2.634345690466851,1.4160590195372509
2,2,decode,65536,1,dense_fa2,0.14361600577831268,0.14361600577831268,0.9345920085906982,0.23552000522613525,0.1966399997472763,0.6097826196989905,0.7303499082734408,1.197721753096155
2,2,decode,65536,2,dense_fa2,0.20313599705696106,0.20313599705696106,0.939903974533081,0.25468799471855164,0.2054399996995926,0.7975876416218236,0.9887850338492962,1.2397196022730363
2,2,decode,65536,4,dense_fa2,0.32211199402809143,0.32211199402809143,1.77948796749115,0.29654398560523987,0.22281600534915924,1.0862199527354022,1.4456411850815316,1.3308917604035972
2,2,decode,65536,8,dense_fa2,0.5618559718132019,0.5618559718132019,3.4603519439697266,0.3758400082588196,0.2555840015411377,1.4949339066273215,2.198322150155271,1.4705146096490942
2,2,decode,65536,16,dense_fa2,1.04367995262146,1.04367995262146,7.765888214111328,0.5042880177497864,0.2967680096626282,2.069610849130476,3.51682094646231,1.6992667717894228
2,2,decode,65536,32,dense_fa2,2.0085439682006836,2.0085439682006836,16.12758445739746,0.8523200154304504,0.40595200657844543,2.3565608361154124,4.947737505055431,2.099558572487927
2,2,decode,131072,1,dense_fa2,0.20233599841594696,0.20233599841594696,1.7823679447174072,0.32441601157188416,0.19750399887561798,0.6236930089719487,1.0244653250963898,1.6425794587389164
2,2,decode,131072,2,dense_fa2,0.3230080008506775,0.3230080008506775,1.7817599773406982,0.3566719889640808,0.2056639939546585,0.9056163950211591,1.5705617431600065,1.734246146375598
2,2,decode,131072,4,dense_fa2,0.5615360140800476,0.5615360140800476,3.5575039386749268,0.42713600397109985,0.22444799542427063,1.314653901472659,2.501853549721327,1.9030510972650532
2,2,decode,131072,8,dense_fa2,1.0420479774475098,1.0420479774475098,7.325727939605713,0.5565440058708191,0.2579840123653412,1.87235504552246,4.039195948204051,2.1572809910510093
2,2,decode,131072,16,dense_fa2,1.9978560209274292,1.9978560209274292,15.516287803649902,0.8043839931488037,0.29923200607299805,2.4837093203542207,6.676612061478643,2.688161616483543
2,2,decode,131072,32,dense_fa2,3.9578239917755127,3.9578239917755127,33.62678527832031,1.4476799964904785,0.4137279987335205,2.7339080469235064,9.566246432175168,3.4991105289514612
