batch,candidate_blocks,config,context,cuda_graph,experiment,head_dim,hidden_dim,indexer_head_dim,indexer_kv_heads,indexer_q_heads,median_ms,min_ms,num_k_heads,num_q_heads,p90_ms,peak_allocated_gib,phase,query_tokens,status,top_k,variant
1,0,1,16384,False,2,128,8192,64,1,4,2.6700479984283447,2.6600000858306885,4,48,2.692768096923828,0.44942712783813477,prefill,2048,ok,0,dense_fa2
1,0,1,16384,False,2,128,8192,64,1,4,1.7228800058364868,1.7167999744415283,4,48,1.7328959703445435,0.44942760467529297,prefill,2048,ok,0,dense_fa3
1,0,1,16384,False,2,128,8192,64,1,4,4.4912638664245605,4.474495887756348,4,48,4.508575916290283,0.7826318740844727,prefill,2048,ok,2048,sparse
1,64,1,16384,False,2,128,8192,64,1,4,5.546527862548828,5.5404157638549805,4,48,5.564288139343262,1.1166472434997559,prefill,2048,ok,2048,two_stage
2,0,1,16384,False,2,128,8192,64,1,4,2.680864095687866,2.6695361137390137,4,48,2.705183982849121,0.48171520233154297,prefill,2048,ok,0,dense_fa2
2,0,1,16384,False,2,128,8192,64,1,4,1.7546559572219849,1.7510720491409302,4,48,1.7616959810256958,0.4817161560058594,prefill,2048,ok,0,dense_fa3
2,0,1,16384,False,2,128,8192,64,1,4,4.535071849822998,4.528672218322754,4,48,4.545536041259766,0.8158965110778809,prefill,2048,ok,2048,sparse
2,64,1,16384,False,2,128,8192,64,1,4,5.530303955078125,5.519296169281006,4,48,5.569151878356934,1.1499276161193848,prefill,2048,ok,2048,two_stage
4,0,1,16384,False,2,128,8192,64,1,4,2.70032000541687,2.6941120624542236,4,48,2.717344045639038,0.5443382263183594,prefill,2048,ok,0,dense_fa2
4,0,1,16384,False,2,128,8192,64,1,4,1.7839360237121582,1.776479959487915,4,48,1.8736000061035156,0.5443401336669922,prefill,2048,ok,0,dense_fa3
4,0,1,16384,False,2,128,8192,64,1,4,4.54969596862793,4.541408061981201,4,48,4.567967891693115,0.8824257850646973,prefill,2048,ok,2048,sparse
4,64,1,16384,False,2,128,8192,64,1,4,5.523136138916016,5.516160011291504,4,48,5.546527862548828,1.2164883613586426,prefill,2048,ok,2048,two_stage
8,0,1,16384,False,2,128,8192,64,1,4,2.7069759368896484,2.7031359672546387,4,48,2.7209279537200928,0.6695842742919922,prefill,2048,ok,0,dense_fa2
8,0,1,16384,False,2,128,8192,64,1,4,1.803871989250183,1.800063967704773,4,48,1.8090879917144775,0.6695880889892578,prefill,2048,ok,0,dense_fa3
8,0,1,16384,False,2,128,8192,64,1,4,4.562111854553223,4.555168151855469,4,48,4.587456226348877,1.01548433303833,prefill,2048,ok,2048,sparse
8,64,1,16384,False,2,128,8192,64,1,4,5.528448104858398,5.517119884490967,4,48,5.569087982177734,1.3496098518371582,prefill,2048,ok,2048,two_stage
16,0,1,16384,False,2,128,8192,64,1,4,2.7194879055023193,2.7104320526123047,4,48,2.7896320819854736,0.9200763702392578,prefill,2048,ok,0,dense_fa2
16,0,1,16384,False,2,128,8192,64,1,4,1.832703948020935,1.8264319896697998,4,48,1.919551968574524,0.9200839996337891,prefill,2048,ok,0,dense_fa3
16,0,1,16384,False,2,128,8192,64,1,4,4.582496166229248,4.575679779052734,4,48,4.590208053588867,1.2816014289855957,prefill,2048,ok,2048,sparse
16,64,1,16384,False,2,128,8192,64,1,4,5.548704147338867,5.532095909118652,4,48,5.559264183044434,1.6158528327941895,prefill,2048,ok,2048,two_stage
32,0,1,16384,False,2,128,8192,64,1,4,2.722464084625244,2.712671995162964,4,48,2.727168083190918,1.421060562133789,prefill,2048,ok,0,dense_fa2
32,0,1,16384,False,2,128,8192,64,1,4,3.4231998920440674,3.326047897338867,4,48,3.7534079551696777,1.4210758209228516,prefill,2048,ok,0,dense_fa3
32,0,1,16384,False,2,128,8192,64,1,4,4.607264041900635,4.598080158233643,4,48,4.622432231903076,1.813835620880127,prefill,2048,ok,2048,sparse
32,64,1,16384,False,2,128,8192,64,1,4,5.577439785003662,5.565824031829834,4,48,5.58735990524292,2.148338794708252,prefill,2048,ok,2048,two_stage
1,0,1,32768,False,2,128,8192,64,1,4,4.9285759925842285,4.898143768310547,4,48,4.940000057220459,0.48171520233154297,prefill,2048,ok,0,dense_fa2
1,0,1,32768,False,2,128,8192,64,1,4,3.0643839836120605,3.052288055419922,4,48,3.275808095932007,0.4817161560058594,prefill,2048,ok,0,dense_fa3
1,0,1,32768,False,2,128,8192,64,1,4,5.994976043701172,5.987040042877197,4,48,6.005568027496338,0.7123808860778809,prefill,2048,ok,2048,sparse
1,64,1,32768,False,2,128,8192,64,1,4,5.505695819854736,5.500864028930664,4,48,5.516416072845459,1.1499276161193848,prefill,2048,ok,2048,two_stage
2,0,1,32768,False,2,128,8192,64,1,4,4.959392070770264,4.93936014175415,4,48,5.11030387878418,0.5443382263183594,prefill,2048,ok,0,dense_fa2
2,0,1,32768,False,2,128,8192,64,1,4,3.115936040878296,3.1081600189208984,4,48,3.1239359378814697,0.5443401336669922,prefill,2048,ok,0,dense_fa3
2,0,1,32768,False,2,128,8192,64,1,4,5.995711803436279,5.984384059906006,4,48,6.019360065460205,0.7789101600646973,prefill,2048,ok,2048,sparse
2,64,1,32768,False,2,128,8192,64,1,4,5.5141119956970215,5.504032135009766,4,48,5.525184154510498,1.2164883613586426,prefill,2048,ok,2048,two_stage
4,0,1,32768,False,2,128,8192,64,1,4,4.974815845489502,4.964352130889893,4,48,5.089856147766113,0.6695842742919922,prefill,2048,ok,0,dense_fa2
4,0,1,32768,False,2,128,8192,64,1,4,3.134783983230591,3.126336097717285,4,48,3.138240098953247,0.6695880889892578,prefill,2048,ok,0,dense_fa3
4,0,1,32768,False,2,128,8192,64,1,4,6.003551959991455,5.998015880584717,4,48,6.0221757888793945,0.9119687080383301,prefill,2048,ok,2048,sparse
4,64,1,32768,False,2,128,8192,64,1,4,5.526879787445068,5.521920204162598,4,48,5.533023834228516,1.3496098518371582,prefill,2048,ok,2048,two_stage
8,0,1,32768,False,2,128,8192,64,1,4,5.002655982971191,4.974751949310303,4,48,5.212160110473633,0.9200763702392578,prefill,2048,ok,0,dense_fa2
8,0,1,32768,False,2,128,8192,64,1,4,3.175584077835083,3.1682560443878174,4,48,3.183135986328125,0.9200839996337891,prefill,2048,ok,0,dense_fa3
8,0,1,32768,False,2,128,8192,64,1,4,6.045536041259766,6.02243185043335,4,48,6.065311908721924,1.1780858039855957,prefill,2048,ok,2048,sparse
8,64,1,32768,False,2,128,8192,64,1,4,5.541759967803955,5.529727935791016,4,48,5.555136203765869,1.6158528327941895,prefill,2048,ok,2048,two_stage
16,0,1,32768,False,2,128,8192,64,1,4,5.150015830993652,4.980639934539795,4,48,5.197216033935547,1.421060562133789,prefill,2048,ok,0,dense_fa2
16,0,1,32768,False,2,128,8192,64,1,4,3.5063679218292236,3.2437119483947754,4,48,3.67740797996521,1.4210758209228516,prefill,2048,ok,0,dense_fa3
16,0,1,32768,False,2,128,8192,64,1,4,6.056064128875732,6.0386881828308105,4,48,6.080992221832275,1.710319995880127,prefill,2048,ok,2048,sparse
16,64,1,32768,False,2,128,8192,64,1,4,5.562848091125488,5.556608200073242,4,48,5.589600086212158,2.148338794708252,prefill,2048,ok,2048,two_stage
32,0,1,32768,False,2,128,8192,64,1,4,5.229440212249756,4.985856056213379,4,48,5.2696638107299805,2.4230289459228516,prefill,2048,ok,0,dense_fa2
32,0,1,32768,False,2,128,8192,64,1,4,7.12937593460083,6.3137922286987305,4,48,7.277376174926758,2.4230594635009766,prefill,2048,ok,0,dense_fa3
32,0,1,32768,False,2,128,8192,64,1,4,6.079103946685791,6.071616172790527,4,48,6.093503952026367,2.7747883796691895,prefill,2048,ok,2048,sparse
32,64,1,32768,False,2,128,8192,64,1,4,5.619904041290283,5.612224102020264,4,48,5.633408069610596,3.213310718536377,prefill,2048,ok,2048,two_stage
1,0,1,65536,False,2,128,8192,64,1,4,9.687040328979492,9.470687866210938,4,48,9.755328178405762,0.5443382263183594,prefill,2048,ok,0,dense_fa2
1,0,1,65536,False,2,128,8192,64,1,4,6.4140801429748535,5.796256065368652,4,48,6.474847793579102,0.5443401336669922,prefill,2048,ok,0,dense_fa3
1,0,1,65536,False,2,128,8192,64,1,4,8.72332763671875,8.707200050354004,4,48,8.74294376373291,0.7271523475646973,prefill,2048,ok,2048,sparse
1,64,1,65536,False,2,128,8192,64,1,4,5.547488212585449,5.538271903991699,4,48,5.557568073272705,1.2164883613586426,prefill,2048,ok,2048,two_stage
2,0,1,65536,False,2,128,8192,64,1,4,9.709152221679688,9.490431785583496,4,48,9.775296211242676,0.6695842742919922,prefill,2048,ok,0,dense_fa2
2,0,1,65536,False,2,128,8192,64,1,4,6.5886077880859375,5.817376136779785,4,48,6.651423931121826,0.6695880889892578,prefill,2048,ok,0,dense_fa3
2,0,1,65536,False,2,128,8192,64,1,4,8.729920387268066,8.719167709350586,4,48,8.737824440002441,0.8602108955383301,prefill,2048,ok,2048,sparse
2,64,1,65536,False,2,128,8192,64,1,4,5.563488006591797,5.550816059112549,4,48,5.582719802856445,1.3496098518371582,prefill,2048,ok,2048,two_stage
4,0,1,65536,False,2,128,8192,64,1,4,9.855584144592285,9.517631530761719,4,48,10.01097583770752,0.9200763702392578,prefill,2048,ok,0,dense_fa2
4,0,1,65536,False,2,128,8192,64,1,4,6.117440223693848,5.856512069702148,4,48,6.681471824645996,0.9200839996337891,prefill,2048,ok,0,dense_fa3
4,0,1,65536,False,2,128,8192,64,1,4,8.737600326538086,8.721792221069336,4,48,8.757535934448242,1.1273045539855957,prefill,2048,ok,2048,sparse
4,64,1,65536,False,2,128,8192,64,1,4,5.581344127655029,5.570752143859863,4,48,5.590847969055176,1.6158528327941895,prefill,2048,ok,2048,two_stage
8,0,1,65536,False,2,128,8192,64,1,4,9.76899242401123,9.532768249511719,4,48,9.839743614196777,1.421060562133789,prefill,2048,ok,0,dense_fa2
8,0,1,65536,False,2,128,8192,64,1,4,6.69920015335083,5.928063869476318,4,48,6.755871772766113,1.4210758209228516,prefill,2048,ok,0,dense_fa3
8,0,1,65536,False,2,128,8192,64,1,4,8.725824356079102,8.719136238098145,4,48,8.740544319152832,1.660515308380127,prefill,2048,ok,2048,sparse
8,64,1,65536,False,2,128,8192,64,1,4,5.579103946685791,5.570303916931152,4,48,5.585216045379639,2.148338794708252,prefill,2048,ok,2048,two_stage
16,0,1,65536,False,2,128,8192,64,1,4,9.943648338317871,9.531231880187988,4,48,9.981887817382812,2.4230289459228516,prefill,2048,ok,0,dense_fa2
16,0,1,65536,False,2,128,8192,64,1,4,6.821087837219238,6.439712047576904,4,48,6.829184055328369,2.4230594635009766,prefill,2048,ok,0,dense_fa3
16,0,1,65536,False,2,128,8192,64,1,4,8.78377628326416,8.770591735839844,4,48,8.7990083694458,2.7230305671691895,prefill,2048,ok,2048,sparse
16,64,1,65536,False,2,128,8192,64,1,4,5.63270378112793,5.626336097717285,4,48,5.640096187591553,3.213310718536377,prefill,2048,ok,2048,two_stage
32,0,1,65536,False,2,128,8192,64,1,4,10.161343574523926,9.913311958312988,4,48,10.177536010742188,4.426965713500977,prefill,2048,ok,0,dense_fa2
32,0,1,65536,False,2,128,8192,64,1,4,13.923775672912598,13.707167625427246,4,48,14.013312339782715,4.427026748657227,prefill,2048,ok,0,dense_fa3
32,0,1,65536,False,2,128,8192,64,1,4,8.842495918273926,8.837535858154297,4,48,8.865920066833496,4.8529438972473145,prefill,2048,ok,2048,sparse
32,64,1,65536,False,2,128,8192,64,1,4,5.738976001739502,5.730656147003174,4,48,5.757279872894287,5.343254566192627,prefill,2048,ok,2048,two_stage
1,0,1,131072,False,2,128,8192,64,1,4,19.067840576171875,18.547935485839844,4,48,19.174911499023438,0.6695842742919922,prefill,2048,ok,0,dense_fa2
1,0,1,131072,False,2,128,8192,64,1,4,12.641695976257324,11.097920417785645,4,48,12.831135749816895,0.6695880889892578,prefill,2048,ok,0,dense_fa3
1,0,1,131072,False,2,128,8192,64,1,4,16.203840255737305,16.193248748779297,4,48,16.232704162597656,0.8348202705383301,prefill,2048,ok,2048,sparse
1,64,1,131072,False,2,128,8192,64,1,4,5.606112003326416,5.597184181213379,4,48,5.617728233337402,1.3496098518371582,prefill,2048,ok,2048,two_stage
2,0,1,131072,False,2,128,8192,64,1,4,19.200031280517578,18.605344772338867,4,48,19.260128021240234,0.9200763702392578,prefill,2048,ok,0,dense_fa2
2,0,1,131072,False,2,128,8192,64,1,4,12.725760459899902,11.954239845275879,4,48,12.738112449645996,0.9200839996337891,prefill,2048,ok,0,dense_fa3
2,0,1,131072,False,2,128,8192,64,1,4,16.28998374938965,16.206207275390625,4,48,16.484159469604492,1.1014256477355957,prefill,2048,ok,2048,sparse
2,64,1,131072,False,2,128,8192,64,1,4,5.6077117919921875,5.597792148590088,4,48,5.614687919616699,1.6158528327941895,prefill,2048,ok,2048,two_stage
4,0,1,131072,False,2,128,8192,64,1,4,19.189983367919922,18.930784225463867,4,48,19.22649574279785,1.421060562133789,prefill,2048,ok,0,dense_fa2
4,0,1,131072,False,2,128,8192,64,1,4,12.813376426696777,12.649439811706543,4,48,13.066399574279785,1.4210758209228516,prefill,2048,ok,0,dense_fa3
4,0,1,131072,False,2,128,8192,64,1,4,16.236576080322266,16.199840545654297,4,48,16.292640686035156,1.635124683380127,prefill,2048,ok,2048,sparse
4,64,1,131072,False,2,128,8192,64,1,4,5.617599964141846,5.608640193939209,4,48,5.634175777435303,2.148338794708252,prefill,2048,ok,2048,two_stage
8,0,1,131072,False,2,128,8192,64,1,4,19.24550437927246,18.885215759277344,4,48,19.374303817749023,2.4230289459228516,prefill,2048,ok,0,dense_fa2
8,0,1,131072,False,2,128,8192,64,1,4,13.04582405090332,12.916128158569336,4,48,13.30128002166748,2.4230594635009766,prefill,2048,ok,0,dense_fa3
8,0,1,131072,False,2,128,8192,64,1,4,16.319744110107422,16.221439361572266,4,48,16.363935470581055,2.7000813484191895,prefill,2048,ok,2048,sparse
8,64,1,131072,False,2,128,8192,64,1,4,5.65177583694458,5.647456169128418,4,48,5.668863773345947,3.213310718536377,prefill,2048,ok,2048,two_stage
16,0,1,131072,False,2,128,8192,64,1,4,19.61667251586914,19.44710350036621,4,48,19.649120330810547,4.426965713500977,prefill,2048,ok,0,dense_fa2
16,0,1,131072,False,2,128,8192,64,1,4,13.582304000854492,13.454367637634277,4,48,13.680319786071777,4.427026748657227,prefill,2048,ok,0,dense_fa3
16,0,1,131072,False,2,128,8192,64,1,4,16.245792388916016,16.211456298828125,4,48,16.327648162841797,4.8270649909973145,prefill,2048,ok,2048,sparse
16,64,1,131072,False,2,128,8192,64,1,4,5.757696151733398,5.745183944702148,4,48,5.7696638107299805,5.343254566192627,prefill,2048,ok,2048,two_stage
32,0,1,131072,False,2,128,8192,64,1,4,20.065824508666992,19.78620719909668,4,48,20.08780860900879,8.434839248657227,prefill,2048,ok,0,dense_fa2
32,0,1,131072,False,2,128,8192,64,1,4,28.54572868347168,27.884735107421875,4,48,29.542688369750977,8.434961318969727,prefill,2048,ok,0,dense_fa3
32,0,1,131072,False,2,128,8192,64,1,4,16.407360076904297,16.32521629333496,4,48,16.44710350036621,9.084450244903564,prefill,2048,ok,2048,sparse
32,64,1,131072,False,2,128,8192,64,1,4,5.895135879516602,5.890016078948975,4,48,5.905119895935059,9.603142261505127,prefill,2048,ok,2048,two_stage
1,0,1,16384,True,2,128,8192,64,1,4,0.08003199845552444,0.07884799689054489,4,48,0.08131200075149536,0.3995065689086914,decode,1,ok,0,dense_fa2
1,0,1,16384,True,2,128,8192,64,1,4,0.2791680097579956,0.2762239873409271,4,48,0.28143998980522156,0.3995070457458496,decode,1,ok,0,dense_fa3
1,0,1,16384,True,2,128,8192,64,1,4,0.12054400146007538,0.11987199634313583,4,48,0.12172800302505493,0.2743105888366699,decode,1,ok,2048,sparse
1,64,1,16384,True,2,128,8192,64,1,4,0.17206400632858276,0.17139199376106262,4,48,0.17337599396705627,0.27432727813720703,decode,1,ok,2048,two_stage
2,0,1,16384,True,2,128,8192,64,1,4,0.08854400366544724,0.08444800227880478,4,48,0.09001599997282028,0.430844783782959,decode,2,ok,0,dense_fa2
2,0,1,16384,True,2,128,8192,64,1,4,0.2842560112476349,0.2794559895992279,4,48,0.28620800375938416,0.4308457374572754,decode,2,ok,0,dense_fa3
2,0,1,16384,True,2,128,8192,64,1,4,0.15452800691127777,0.15385599434375763,4,48,0.15574400126934052,0.3083229064941406,decode,2,ok,2048,sparse
2,64,1,16384,True,2,128,8192,64,1,4,0.19075199961662292,0.18799999356269836,4,48,0.19200000166893005,0.30835533142089844,decode,2,ok,2048,two_stage
4,0,1,16384,True,2,128,8192,64,1,4,0.1035199984908104,0.09942399710416794,4,48,0.10496000200510025,0.49352121353149414,decode,4,ok,0,dense_fa2
4,0,1,16384,True,2,128,8192,64,1,4,0.502240002155304,0.4958080053329468,4,48,0.5038080215454102,0.49352312088012695,decode,4,ok,0,dense_fa3
4,0,1,16384,True,2,128,8192,64,1,4,0.1703999936580658,0.16947199404239655,4,48,0.1717119961977005,0.37634754180908203,decode,4,ok,2048,sparse
4,64,1,16384,True,2,128,8192,64,1,4,0.20163199305534363,0.20019200444221497,4,48,0.20278400182724,0.37641143798828125,decode,4,ok,2048,two_stage
8,0,1,16384,True,2,128,8192,64,1,4,0.13475200533866882,0.1289920061826706,4,48,0.13756799697875977,0.6188740730285645,decode,8,ok,0,dense_fa2
8,0,1,16384,True,2,128,8192,64,1,4,0.7143039703369141,0.7065920233726501,4,48,0.7180160284042358,0.6188778877258301,decode,8,ok,0,dense_fa3
8,0,1,16384,True,2,128,8192,64,1,4,0.19654400646686554,0.19526399672031403,4,48,0.1979839950799942,0.5123968124389648,decode,8,ok,2048,sparse
8,64,1,16384,True,2,128,8192,64,1,4,0.2264000028371811,0.2245440036058426,4,48,0.2274560034275055,0.5125236511230469,decode,8,ok,2048,two_stage
16,0,1,16384,True,2,128,8192,64,1,4,0.19417600333690643,0.19046400487422943,4,48,0.19734400510787964,0.8695797920227051,decode,16,ok,0,dense_fa2
16,0,1,16384,True,2,128,8192,64,1,4,1.3503040075302124,1.3439680337905884,4,48,1.3566080331802368,0.8695874214172363,decode,16,ok,0,dense_fa3
16,0,1,16384,True,2,128,8192,64,1,4,0.25097599625587463,0.24963200092315674,4,48,0.2528960108757019,0.7844953536987305,decode,16,ok,2048,sparse
16,64,1,16384,True,2,128,8192,64,1,4,0.27327999472618103,0.27136000990867615,4,48,0.27481600642204285,0.7847480773925781,decode,16,ok,2048,two_stage
32,0,1,16384,True,2,128,8192,64,1,4,0.31536000967025757,0.3112320005893707,4,48,0.3178560137748718,1.3709912300109863,decode,32,ok,0,dense_fa2
32,0,1,16384,True,2,128,8192,64,1,4,2.684191942214966,2.6756160259246826,4,48,2.6949119567871094,1.3710064888000488,decode,32,ok,0,dense_fa3
32,0,1,16384,True,2,128,8192,64,1,4,0.28246399760246277,0.28035199642181396,4,48,0.28409600257873535,1.3169736862182617,decode,32,ok,2048,sparse
32,64,1,16384,True,2,128,8192,64,1,4,0.29020801186561584,0.2888000011444092,4,48,0.2925119996070862,1.3174781799316406,decode,32,ok,2048,two_stage
1,0,1,32768,True,2,128,8192,64,1,4,0.08908800035715103,0.0841279998421669,4,48,0.09068799763917923,0.4308180809020996,decode,1,ok,0,dense_fa2
1,0,1,32768,True,2,128,8192,64,1,4,0.49513599276542664,0.48924800753593445,4,48,0.49830400943756104,0.430819034576416,decode,1,ok,0,dense_fa3
1,0,1,32768,True,2,128,8192,64,1,4,0.1408960074186325,0.1395840048789978,4,48,0.14256000518798828,0.3075752258300781,decode,1,ok,2048,sparse
1,64,1,32768,True,2,128,8192,64,1,4,0.17161600291728973,0.16966399550437927,4,48,0.17289599776268005,0.30760765075683594,decode,1,ok,2048,two_stage
2,0,1,32768,True,2,128,8192,64,1,4,0.10358399897813797,0.0989760011434555,4,48,0.10524799674749374,0.4934678077697754,decode,2,ok,0,dense_fa2
2,0,1,32768,True,2,128,8192,64,1,4,0.5002880096435547,0.49139198660850525,4,48,0.5021759867668152,0.4934697151184082,decode,2,ok,0,dense_fa3
2,0,1,32768,True,2,128,8192,64,1,4,0.18329599499702454,0.18185600638389587,4,48,0.18572799861431122,0.37485218048095703,decode,2,ok,2048,sparse
2,64,1,32768,True,2,128,8192,64,1,4,0.1892479956150055,0.18806399405002594,4,48,0.19033600389957428,0.37491607666015625,decode,2,ok,2048,two_stage
4,0,1,32768,True,2,128,8192,64,1,4,0.1337279975414276,0.12835200130939484,4,48,0.1356160044670105,0.618767261505127,decode,4,ok,0,dense_fa2
4,0,1,32768,True,2,128,8192,64,1,4,0.9233279824256897,0.9191359877586365,4,48,0.9286080002784729,0.6187710762023926,decode,4,ok,0,dense_fa3
4,0,1,32768,True,2,128,8192,64,1,4,0.19964799284934998,0.19846400618553162,4,48,0.20134399831295013,0.5094060897827148,decode,4,ok,2048,sparse
4,64,1,32768,True,2,128,8192,64,1,4,0.20134399831295013,0.19923199713230133,4,48,0.20313599705696106,0.5095329284667969,decode,4,ok,2048,two_stage
8,0,1,32768,True,2,128,8192,64,1,4,0.19289599359035492,0.18905599415302277,4,48,0.194815993309021,0.8693661689758301,decode,8,ok,0,dense_fa2
8,0,1,32768,True,2,128,8192,64,1,4,1.3478399515151978,1.339359998703003,4,48,1.352288007736206,0.8693737983703613,decode,8,ok,0,dense_fa3
8,0,1,32768,True,2,128,8192,64,1,4,0.23241600394248962,0.23097600042819977,4,48,0.23414400219917297,0.7785139083862305,decode,8,ok,2048,sparse
8,64,1,32768,True,2,128,8192,64,1,4,0.22649599611759186,0.22499200701713562,4,48,0.2282239943742752,0.7787666320800781,decode,8,ok,2048,two_stage
16,0,1,32768,True,2,128,8192,64,1,4,0.3123840093612671,0.3078399896621704,4,48,0.31520000100135803,1.3705639839172363,decode,16,ok,0,dense_fa2
16,0,1,32768,True,2,128,8192,64,1,4,2.643104076385498,2.6040000915527344,4,48,2.6970880031585693,1.3705792427062988,decode,16,ok,0,dense_fa3
16,0,1,32768,True,2,128,8192,64,1,4,0.30275198817253113,0.30086401104927063,4,48,0.30428799986839294,1.3167295455932617,decode,16,ok,2048,sparse
16,64,1,32768,True,2,128,8192,64,1,4,0.2754879891872406,0.27452799677848816,4,48,0.2765119969844818,1.3172340393066406,decode,16,ok,2048,two_stage
32,0,1,32768,True,2,128,8192,64,1,4,0.5524479746818542,0.5462719798088074,4,48,0.5560320019721985,2.372959613800049,decode,32,ok,0,dense_fa2
32,0,1,32768,True,2,128,8192,64,1,4,5.9883198738098145,5.3336639404296875,4,48,6.005536079406738,2.372990131378174,decode,32,ok,0,dense_fa3
32,0,1,32768,True,2,128,8192,64,1,4,0.35923200845718384,0.35737600922584534,4,48,0.36214399337768555,2.381442070007324,decode,32,ok,2048,sparse
32,64,1,32768,True,2,128,8192,64,1,4,0.2948159873485565,0.29289600253105164,4,48,0.29715201258659363,2.3824501037597656,decode,32,ok,2048,two_stage
1,0,1,65536,True,2,128,8192,64,1,4,0.10371199995279312,0.0987199991941452,4,48,0.10518400371074677,0.493441104888916,decode,1,ok,0,dense_fa2
1,0,1,65536,True,2,128,8192,64,1,4,0.9193919897079468,0.9079999923706055,4,48,0.9235519766807556,0.49344301223754883,decode,1,ok,0,dense_fa3
1,0,1,65536,True,2,128,8192,64,1,4,0.1584320068359375,0.15750400722026825,4,48,0.15936000645160675,0.37410449981689453,decode,1,ok,2048,sparse
1,64,1,65536,True,2,128,8192,64,1,4,0.16976000368595123,0.1682559996843338,4,48,0.17068800330162048,0.37416839599609375,decode,1,ok,2048,two_stage
2,0,1,65536,True,2,128,8192,64,1,4,0.13526399433612823,0.1305920034646988,4,48,0.13683199882507324,0.6187138557434082,decode,2,ok,0,dense_fa2
2,0,1,65536,True,2,128,8192,64,1,4,0.9292479753494263,0.9249600172042847,4,48,0.9322239756584167,0.6187176704406738,decode,2,ok,0,dense_fa3
2,0,1,65536,True,2,128,8192,64,1,4,0.23043200373649597,0.22988800704479218,4,48,0.23212799429893494,0.5079107284545898,decode,2,ok,2048,sparse
2,64,1,65536,True,2,128,8192,64,1,4,0.1894720047712326,0.1876160055398941,4,48,0.1910720020532608,0.5080375671386719,decode,2,ok,2048,two_stage
4,0,1,65536,True,2,128,8192,64,1,4,0.19209599494934082,0.1889919936656952,4,48,0.194240003824234,0.8692593574523926,decode,4,ok,0,dense_fa2
4,0,1,65536,True,2,128,8192,64,1,4,1.7695039510726929,1.761023998260498,4,48,1.779039978981018,0.8692669868469238,decode,4,ok,0,dense_fa3
4,0,1,65536,True,2,128,8192,64,1,4,0.2526080012321472,0.2510400116443634,4,48,0.2533760070800781,0.7755231857299805,decode,4,ok,2048,sparse
4,64,1,65536,True,2,128,8192,64,1,4,0.20179200172424316,0.2003840059041977,4,48,0.2030079960823059,0.7757759094238281,decode,4,ok,2048,two_stage
8,0,1,65536,True,2,128,8192,64,1,4,0.31190401315689087,0.3065600097179413,4,48,0.31273600459098816,1.3703503608703613,decode,8,ok,0,dense_fa2
8,0,1,65536,True,2,128,8192,64,1,4,2.6082561016082764,2.5971839427948,4,48,2.715424060821533,1.3703656196594238,decode,8,ok,0,dense_fa3
8,0,1,65536,True,2,128,8192,64,1,4,0.30166399478912354,0.2993920147418976,4,48,0.30294400453567505,1.3107481002807617,decode,8,ok,2048,sparse
8,64,1,65536,True,2,128,8192,64,1,4,0.22655999660491943,0.22588799893856049,4,48,0.22867199778556824,1.3112525939941406,decode,8,ok,2048,two_stage
16,0,1,65536,True,2,128,8192,64,1,4,0.5494080185890198,0.5445119738578796,4,48,0.5536959767341614,2.372532367706299,decode,16,ok,0,dense_fa2
16,0,1,65536,True,2,128,8192,64,1,4,5.180543899536133,5.148672103881836,4,48,5.866591930389404,2.372562885284424,decode,16,ok,0,dense_fa3
16,0,1,65536,True,2,128,8192,64,1,4,0.39667201042175293,0.3951680064201355,4,48,0.3977600038051605,2.381197929382324,decode,16,ok,2048,sparse
16,64,1,65536,True,2,128,8192,64,1,4,0.27616000175476074,0.27478399872779846,4,48,0.27881601452827454,2.3822059631347656,decode,16,ok,2048,two_stage
32,0,1,65536,True,2,128,8192,64,1,4,1.0255680084228516,1.020095944404602,4,48,1.0334399938583374,4.376896381378174,decode,32,ok,0,dense_fa2
32,0,1,65536,True,2,128,8192,64,1,4,12.12816047668457,10.820832252502441,4,48,12.146976470947266,4.376957416534424,decode,32,ok,0,dense_fa3
32,0,1,65536,True,2,128,8192,64,1,4,0.5047680139541626,0.5028160214424133,4,48,0.505728006362915,4.510378837585449,decode,32,ok,2048,sparse
32,64,1,65536,True,2,128,8192,64,1,4,0.297791987657547,0.29471999406814575,4,48,0.29872000217437744,4.512393951416016,decode,32,ok,2048,two_stage
1,0,1,131072,True,2,128,8192,64,1,4,0.13513599336147308,0.1311040073633194,4,48,0.13728000223636627,0.6186871528625488,decode,1,ok,0,dense_fa2
1,0,1,131072,True,2,128,8192,64,1,4,1.7759360074996948,1.7636799812316895,4,48,1.780832052230835,0.6186909675598145,decode,1,ok,0,dense_fa3
1,0,1,131072,True,2,128,8192,64,1,4,0.18409599363803864,0.18265600502490997,4,48,0.1855040043592453,0.5071630477905273,decode,1,ok,2048,sparse
1,64,1,131072,True,2,128,8192,64,1,4,0.1687999963760376,0.1674879938364029,4,48,0.16998399794101715,0.5072898864746094,decode,1,ok,2048,two_stage
2,0,1,131072,True,2,128,8192,64,1,4,0.19094400107860565,0.18681600689888,4,48,0.1924159973859787,0.8692059516906738,decode,2,ok,0,dense_fa2
2,0,1,131072,True,2,128,8192,64,1,4,1.780128002166748,1.7727999687194824,4,48,1.7967679500579834,0.8692135810852051,decode,2,ok,0,dense_fa3
2,0,1,131072,True,2,128,8192,64,1,4,0.31804800033569336,0.3165760040283203,4,48,0.31968000531196594,0.7740278244018555,decode,2,ok,2048,sparse
2,64,1,131072,True,2,128,8192,64,1,4,0.1918720006942749,0.19065600633621216,4,48,0.19305600225925446,0.7742805480957031,decode,2,ok,2048,two_stage
4,0,1,131072,True,2,128,8192,64,1,4,0.3127039968967438,0.30687999725341797,4,48,0.31433600187301636,1.3702435493469238,decode,4,ok,0,dense_fa2
4,0,1,131072,True,2,128,8192,64,1,4,3.4562880992889404,3.4442241191864014,4,48,3.466559886932373,1.3702588081359863,decode,4,ok,0,dense_fa3
4,0,1,131072,True,2,128,8192,64,1,4,0.3563840091228485,0.3543680012226105,4,48,0.3582080006599426,1.3077573776245117,decode,4,ok,2048,sparse
4,64,1,131072,True,2,128,8192,64,1,4,0.20236800611019135,0.20137600600719452,4,48,0.20467199385166168,1.3082618713378906,decode,4,ok,2048,two_stage
8,0,1,131072,True,2,128,8192,64,1,4,0.546783983707428,0.5423679947853088,4,48,0.5493760108947754,2.372318744659424,decode,8,ok,0,dense_fa2
8,0,1,131072,True,2,128,8192,64,1,4,5.277535915374756,5.118015766143799,4,48,5.713024139404297,2.372349262237549,decode,8,ok,0,dense_fa3
8,0,1,131072,True,2,128,8192,64,1,4,0.4320000112056732,0.4310080111026764,4,48,0.43347200751304626,2.375216484069824,decode,8,ok,2048,sparse
8,64,1,131072,True,2,128,8192,64,1,4,0.22812800109386444,0.22588799893856049,4,48,0.23081600666046143,2.3762245178222656,decode,8,ok,2048,two_stage
16,0,1,131072,True,2,128,8192,64,1,4,1.0208959579467773,1.0141760110855103,4,48,1.022655963897705,4.376469135284424,decode,16,ok,0,dense_fa2
16,0,1,131072,True,2,128,8192,64,1,4,11.504672050476074,11.228032112121582,4,48,11.653696060180664,4.376530170440674,decode,16,ok,0,dense_fa3
16,0,1,131072,True,2,128,8192,64,1,4,0.5794879794120789,0.5767679810523987,4,48,0.5805760025978088,4.510134696960449,decode,16,ok,2048,sparse
16,64,1,131072,True,2,128,8192,64,1,4,0.2777920067310333,0.27584001421928406,4,48,0.2795200049877167,4.512149810791016,decode,16,ok,2048,two_stage
32,0,1,131072,True,2,128,8192,64,1,4,1.9678720235824585,1.9629119634628296,4,48,1.9764800071716309,8.384769916534424,decode,32,ok,0,dense_fa2
32,0,1,131072,True,2,128,8192,64,1,4,24.233503341674805,23.80201530456543,4,48,24.636512756347656,8.384891986846924,decode,32,ok,0,dense_fa3
32,0,1,131072,True,2,128,8192,64,1,4,0.8011519908905029,0.7980800271034241,4,48,0.8021119832992554,8.7682523727417,decode,32,ok,2048,sparse
32,64,1,131072,True,2,128,8192,64,1,4,0.30003198981285095,0.298335999250412,4,48,0.3019840121269226,8.772281646728516,decode,32,ok,2048,two_stage
