config,num_q_heads,num_k_heads,indexer_kv_heads,phase,context,batch,dense_ms,sparse_ms,speedup_dense_over_sparse
1,48,4,4,decode,16384,1,0.07711999863386154,0.13606399297714233,0.5667921170505197
1,48,4,4,decode,16384,2,0.08419200032949448,0.15404799580574036,0.5465309684110619
1,48,4,4,decode,16384,4,0.10454399883747101,0.1708800047636032,0.6117977289507806
1,48,4,4,decode,16384,8,0.13344000279903412,0.20207999646663666,0.660332566964712
1,48,4,4,decode,16384,16,0.1944960057735443,0.26156800985336304,0.7435771900492733
1,48,4,4,decode,16384,32,0.3163520097732544,0.3004800081253052,1.0528221552807278
1,48,4,4,decode,32768,1,0.09142400324344635,0.15718400478363037,0.5816368107511632
1,48,4,4,decode,32768,2,0.10521599650382996,0.17161600291728973,0.613089657813198
1,48,4,4,decode,32768,4,0.13337600231170654,0.19094400107860565,0.6985084713753318
1,48,4,4,decode,32768,8,0.1940159946680069,0.22912000119686127,0.8467876818021977
1,48,4,4,decode,32768,16,0.3113600015640259,0.30454400181770325,1.0223810014501702
1,48,4,4,decode,32768,32,0.5517119765281677,0.37699198722839355,1.4634580978346452
1,48,4,4,decode,65536,1,0.10515200346708298,0.17632000148296356,0.5963702505823936
1,48,4,4,decode,65536,2,0.1348479986190796,0.1929599940776825,0.6988391519373286
1,48,4,4,decode,65536,4,0.19446399807929993,0.22383999824523926,0.8687634006601672
1,48,4,4,decode,65536,8,0.31139200925827026,0.2791999876499176,1.1153009420928681
1,48,4,4,decode,65536,16,0.5493119955062866,0.3867200016975403,1.4204385423433878
1,48,4,4,decode,65536,32,1.024191975593567,0.5279359817504883,1.939992747222177
1,48,4,4,decode,131072,1,0.13465599715709686,0.20790399610996246,0.6476835446966396
1,48,4,4,decode,131072,2,0.19407999515533447,0.23401600122451782,0.8293449770092077
1,48,4,4,decode,131072,4,0.3093760013580322,0.2773120105266571,1.1156242413391357
1,48,4,4,decode,131072,8,0.5470399856567383,0.3680320084095001,1.4863924146729661
1,48,4,4,decode,131072,16,1.0195519924163818,0.5459520220756531,1.8674754395819448
1,48,4,4,decode,131072,32,1.9643199443817139,0.8266879916191101,2.3761321856562767
1,48,4,4,prefill,16384,1,2.65830397605896,5.492512226104736,0.48398690191796195
1,48,4,4,prefill,16384,2,2.702303886413574,5.524767875671387,0.4891253256654121
1,48,4,4,prefill,16384,4,2.7208640575408936,5.516448020935059,0.49322753467723185
1,48,4,4,prefill,16384,8,2.7292160987854004,5.5556159019470215,0.4912535616130192
1,48,4,4,prefill,16384,16,2.737152099609375,5.548223972320557,0.4933384292459548
1,48,4,4,prefill,16384,32,2.7360000610351562,5.604383945465088,0.4881892617740888
1,48,4,4,prefill,32768,1,4.951104164123535,7.786240100860596,0.6358786911254253
1,48,4,4,prefill,32768,2,5.012351989746094,7.854623794555664,0.6381403006494524
1,48,4,4,prefill,32768,4,5.023583889007568,7.835552215576172,0.6411269749464836
1,48,4,4,prefill,32768,8,5.027135848999023,7.863039970397949,0.6393374404714618
1,48,4,4,prefill,32768,16,5.097311973571777,7.878208160400391,0.6470141267900592
1,48,4,4,prefill,32768,32,5.023071765899658,7.952928066253662,0.631600301681824
1,48,4,4,prefill,65536,1,9.532159805297852,11.95798397064209,0.7971376971820793
1,48,4,4,prefill,65536,2,9.801919937133789,12.006591796875,0.8163782114825434
1,48,4,4,prefill,65536,4,9.814496040344238,12.018879890441895,0.8165899093599638
1,48,4,4,prefill,65536,8,9.67843246459961,12.044992446899414,0.8035233319794237
1,48,4,4,prefill,65536,16,9.910752296447754,12.097439765930176,0.819243781180812
1,48,4,4,prefill,65536,32,10.050848007202148,12.186592102050781,0.824746403509376
1,48,4,4,prefill,131072,1,18.8786563873291,21.16339111328125,0.8920430703320346
1,48,4,4,prefill,131072,2,19.030847549438477,21.186304092407227,0.8982617952821123
1,48,4,4,prefill,131072,4,19.077760696411133,21.204063415527344,0.8997219222821623
1,48,4,4,prefill,131072,8,19.378175735473633,21.21107292175293,0.913587719346362
1,48,4,4,prefill,131072,16,19.512128829956055,21.219520568847656,0.9195367429084038
1,48,4,4,prefill,131072,32,19.720767974853516,21.313024520874023,0.9252918540744394
2,64,8,8,decode,16384,1,0.09536000341176987,0.15699200332164764,0.6074194952235549
2,64,8,8,decode,16384,2,0.1103999987244606,0.18137599527835846,0.6086803193279755
2,64,8,8,decode,16384,4,0.14323200285434723,0.204352006316185,0.7009082290718035
2,64,8,8,decode,16384,8,0.2046079933643341,0.24755200743675232,0.826525284456075
2,64,8,8,decode,16384,16,0.3250240087509155,0.3076159954071045,1.0565900785515816
2,64,8,8,decode,16384,32,0.5709120035171509,0.4460799992084503,1.279842190930348
2,64,8,8,decode,32768,1,0.11363200098276138,0.18086400628089905,0.6282731612517752
2,64,8,8,decode,32768,2,0.14336000382900238,0.19785599410533905,0.7245674030612241
2,64,8,8,decode,32768,4,0.20367999374866486,0.22886399924755096,0.8899608257232026
2,64,8,8,decode,32768,8,0.32339200377464294,0.2915840148925781,1.1090868746484033
2,64,8,8,decode,32768,16,0.5642560124397278,0.3839679956436157,1.4695391773314577
2,64,8,8,decode,32768,32,1.052832007408142,0.5978879928588867,1.7609184663064994
2,64,8,8,decode,65536,1,0.1427839994430542,0.20419199764728546,0.6992634436619528
2,64,8,8,decode,65536,2,0.20339199900627136,0.22803199291229248,0.891945013542471
2,64,8,8,decode,65536,4,0.32256001234054565,0.2783359885215759,1.158887192611607
2,64,8,8,decode,65536,8,0.5625600218772888,0.37171199917793274,1.513429814268654
2,64,8,8,decode,65536,16,1.0421119928359985,0.5454720258712769,1.910477427639747
2,64,8,8,decode,65536,32,2.0064640045166016,0.8915839791297913,2.2504486974687024
2,64,8,8,decode,131072,1,0.22393600642681122,0.2311680018901825,0.9687154130146141
2,64,8,8,decode,131072,2,0.3190400004386902,0.27215999364852905,1.1722516456650958
2,64,8,8,decode,131072,4,0.5603839755058289,0.3529599905014038,1.587669964263556
2,64,8,8,decode,131072,8,1.0401599407196045,0.5167359709739685,2.0129427776414746
2,64,8,8,decode,131072,16,1.9987839460372925,0.8326399922370911,2.4005380052272898
2,64,8,8,decode,131072,32,3.9566400051116943,1.4906560182571411,2.6542944560326904
2,64,8,8,prefill,16384,1,3.552704095840454,9.900511741638184,0.3588404507313485
2,64,8,8,prefill,16384,2,3.5988800525665283,9.960607528686523,0.361311299757747
2,64,8,8,prefill,16384,4,3.6367039680480957,9.97209644317627,0.3646880060547979
2,64,8,8,prefill,16384,8,3.659168004989624,10.03331184387207,0.3647019111864336
2,64,8,8,prefill,16384,16,3.673919916152954,10.109439849853516,0.3634147856576038
2,64,8,8,prefill,16384,32,3.6685121059417725,10.172672271728516,0.3606242300891925
2,64,8,8,prefill,32768,1,6.646495819091797,13.84182357788086,0.48017486870103243
2,64,8,8,prefill,32768,2,6.62224006652832,13.99731159210205,0.47310799812907667
2,64,8,8,prefill,32768,4,6.728096008300781,13.99824047088623,0.48063869329105935
2,64,8,8,prefill,32768,8,6.7408318519592285,14.018272399902344,0.48086038419443095
2,64,8,8,prefill,32768,16,6.685791969299316,14.098848342895508,0.4742083755137579
2,64,8,8,prefill,32768,32,7.196063995361328,14.178943634033203,0.5075176389085063
2,64,8,8,prefill,65536,1,12.99027156829834,21.485599517822266,0.6046036349845827
2,64,8,8,prefill,65536,2,13.144288063049316,21.48361587524414,0.6118284808003692
2,64,8,8,prefill,65536,4,13.181599617004395,21.408512115478516,0.6157176895761008
2,64,8,8,prefill,65536,8,13.309087753295898,21.454240798950195,0.6203476449256197
2,64,8,8,prefill,65536,16,13.424639701843262,21.400896072387695,0.6272933458690207
2,64,8,8,prefill,65536,32,13.672831535339355,21.641408920288086,0.6317902677085658
2,64,8,8,prefill,131072,1,25.45008087158203,38.622657775878906,0.6589417284347642
2,64,8,8,prefill,131072,2,25.745759963989258,38.59449768066406,0.6670836909710046
2,64,8,8,prefill,131072,4,25.82329559326172,38.60726547241211,0.6688713970616352
2,64,8,8,prefill,131072,8,25.944095611572266,38.56409454345703,0.6727526192099865
2,64,8,8,prefill,131072,16,26.284543991088867,38.58448028564453,0.6812206305877887
2,64,8,8,prefill,131072,32,26.843103408813477,38.599998474121094,0.695417214247045
