config,num_q_heads,num_k_heads,indexer_kv_heads,indexer_q_heads,phase,context,batch,dense_ms,sparse_ms,speedup_dense_over_sparse
1,48,4,1,4,decode,16384,1,0.0793600007891655,0.12067200243473053,0.6576504838567669
1,48,4,1,4,decode,16384,2,0.08486399799585342,0.15503999590873718,0.5473684225701851
1,48,4,1,4,decode,16384,4,0.10409600287675858,0.1706240028142929,0.61009002930295
1,48,4,1,4,decode,16384,8,0.13411200046539307,0.19791999459266663,0.67760713484964
1,48,4,1,4,decode,16384,16,0.19472000002861023,0.2409919947385788,0.80799364410356
1,48,4,1,4,decode,16384,32,0.3126719892024994,0.27190399169921875,1.1499352666671343
1,48,4,1,4,decode,32768,1,0.08531200140714645,0.14079999923706055,0.6059091041862104
1,48,4,1,4,decode,32768,2,0.10246399790048599,0.18294399976730347,0.5600839493550791
1,48,4,1,4,decode,32768,4,0.13359999656677246,0.1998720020055771,0.6684277699036836
1,48,4,1,4,decode,32768,8,0.19308799505233765,0.2329919934272766,0.8287323191326996
1,48,4,1,4,decode,32768,16,0.3125759959220886,0.30275198817253113,1.0324490280273866
1,48,4,1,4,decode,32768,32,0.551584005355835,0.359360009431839,1.5349064750635693
1,48,4,1,4,decode,65536,1,0.10441599786281586,0.15782399475574493,0.6615977375583127
1,48,4,1,4,decode,65536,2,0.1355839967727661,0.2317119985818863,0.5851401636624836
1,48,4,1,4,decode,65536,4,0.19286400079727173,0.25328001379966736,0.7614655333595257
1,48,4,1,4,decode,65536,8,0.31116798520088196,0.3000960052013397,1.0368947930250316
1,48,4,1,4,decode,65536,16,0.5480639934539795,0.3959679901599884,1.3841118652862259
1,48,4,1,4,decode,65536,32,1.025439977645874,0.5030400156974792,2.038485897039567
1,48,4,1,4,decode,131072,1,0.13568000495433807,0.1849599927663803,0.7335640693158606
1,48,4,1,4,decode,131072,2,0.19148799777030945,0.31830400228500366,0.6015884072951573
1,48,4,1,4,decode,131072,4,0.31139200925827026,0.35628798604011536,0.8739896416917349
1,48,4,1,4,decode,131072,8,0.5473600029945374,0.4307200014591217,1.2708023800619475
1,48,4,1,4,decode,131072,16,1.0219199657440186,0.5672320127487183,1.8015907825652382
1,48,4,1,4,decode,131072,32,1.9621119499206543,0.7885760068893433,2.4881709978223916
1,48,4,1,4,prefill,16384,1,2.659359931945801,4.507264137268066,0.5900164381219705
1,48,4,1,4,prefill,16384,2,2.696959972381592,4.529151916503906,0.5954668825644956
1,48,4,1,4,prefill,16384,4,2.725696086883545,4.561791896820068,0.5975055742423436
1,48,4,1,4,prefill,16384,8,2.729151964187622,4.5583038330078125,0.5987209418611268
1,48,4,1,4,prefill,16384,16,2.727423906326294,4.588672161102295,0.5943819498473628
1,48,4,1,4,prefill,16384,32,2.729504108428955,4.589856147766113,0.5946818419913676
1,48,4,1,4,prefill,32768,1,5.009280204772949,5.966559886932373,0.8395591931866796
1,48,4,1,4,prefill,32768,2,4.9944000244140625,5.974912166595459,0.835895137059379
1,48,4,1,4,prefill,32768,4,5.017248153686523,6.0116801261901855,0.8345833524689097
1,48,4,1,4,prefill,32768,8,5.010272026062012,6.040448188781738,0.8294536877854594
1,48,4,1,4,prefill,32768,16,5.0298237800598145,6.02623987197876,0.8346537620329134
1,48,4,1,4,prefill,32768,32,5.03331184387207,6.058720111846924,0.8307549698541412
1,48,4,1,4,prefill,65536,1,9.663488388061523,8.684063911437988,1.1127841165854977
1,48,4,1,4,prefill,65536,2,9.748607635498047,8.726719856262207,1.1170987262187113
1,48,4,1,4,prefill,65536,4,9.80412769317627,8.690688133239746,1.1281186878260987
1,48,4,1,4,prefill,65536,8,9.825823783874512,8.729087829589844,1.1256415304434164
1,48,4,1,4,prefill,65536,16,9.848095893859863,8.781824111938477,1.121418029822738
1,48,4,1,4,prefill,65536,32,10.029120445251465,8.831232070922852,1.1356422710566858
1,48,4,1,4,prefill,131072,1,18.83145523071289,16.208415985107422,1.1618319302771822
1,48,4,1,4,prefill,131072,2,19.0947208404541,16.22640037536621,1.1767687471487747
1,48,4,1,4,prefill,131072,4,19.231935501098633,16.22483253479004,1.1853395380112937
1,48,4,1,4,prefill,131072,8,19.08880043029785,16.236255645751953,1.175689817084904
1,48,4,1,4,prefill,131072,16,19.538976669311523,16.254560470581055,1.2020612125855323
1,48,4,1,4,prefill,131072,32,19.749088287353516,16.299104690551758,1.2116670616148406
2,64,8,1,8,decode,16384,1,0.09561599791049957,0.1520960032939911,0.62865555859269
2,64,8,1,8,decode,16384,2,0.1106560006737709,0.16291199624538422,0.6792378905424291
2,64,8,1,8,decode,16384,4,0.14028799533843994,0.1929280012845993,0.7271520691881992
2,64,8,1,8,decode,16384,8,0.20502400398254395,0.22188800573349,0.923997686602306
2,64,8,1,8,decode,16384,16,0.3221760094165802,0.2728640139102936,1.1807200399921491
2,64,8,1,8,decode,16384,32,0.567903995513916,0.40560001134872437,1.4001577406901178
2,64,8,1,8,decode,32768,1,0.11055999994277954,0.17955200374126434,0.6157547542721787
2,64,8,1,8,decode,32768,2,0.14009599387645721,0.19260799884796143,0.7273633219513614
2,64,8,1,8,decode,32768,4,0.1998399943113327,0.21862399578094482,0.9140807878727403
2,64,8,1,8,decode,32768,8,0.3198400139808655,0.28169599175453186,1.135408466370981
2,64,8,1,8,decode,32768,16,0.5644159913063049,0.3606399893760681,1.5650399510125963
2,64,8,1,8,decode,32768,32,1.0509120225906372,0.5549119710922241,1.8938355583177353
2,64,8,1,8,decode,65536,1,0.13967999815940857,0.23583999276161194,0.5922659533855977
2,64,8,1,8,decode,65536,2,0.20367999374866486,0.2550719976425171,0.7985196165441961
2,64,8,1,8,decode,65536,4,0.32211199402809143,0.2950400114059448,1.0917569874443176
2,64,8,1,8,decode,65536,8,0.5628479719161987,0.3733440041542053,1.5075854055599647
2,64,8,1,8,decode,65536,16,1.0428800582885742,0.5028160214424133,2.074078815740388
2,64,8,1,8,decode,65536,32,2.0106561183929443,0.8503040075302124,2.3646320616941265
2,64,8,1,8,decode,131072,1,0.20281599462032318,0.3255999982357025,0.6228992497521584
2,64,8,1,8,decode,131072,2,0.321727991104126,0.35679998993873596,0.9017040363688575
2,64,8,1,8,decode,131072,4,0.561024010181427,0.42287999391555786,1.326674276989926
2,64,8,1,8,decode,131072,8,1.0436160564422607,0.5546560287475586,1.881555418767914
2,64,8,1,8,decode,131072,16,1.9971519708633423,0.8008319735527039,2.4938464457199983
2,64,8,1,8,decode,131072,32,3.954047918319702,1.442463994026184,2.741176164323674
2,64,8,1,8,prefill,16384,1,3.5482559204101562,8.644031524658203,0.4104862309083792
2,64,8,1,8,prefill,16384,2,3.606015920639038,8.757984161376953,0.411740402151183
2,64,8,1,8,prefill,16384,4,3.6328320503234863,8.752415657043457,0.4150662163079498
2,64,8,1,8,prefill,16384,8,3.649535894393921,8.784031867980957,0.41547389049179084
2,64,8,1,8,prefill,16384,16,3.6510400772094727,8.812512397766113,0.41430183725301495
2,64,8,1,8,prefill,16384,32,3.6712958812713623,8.875231742858887,0.41365634021053355
2,64,8,1,8,prefill,32768,1,6.589183807373047,11.614368438720703,0.5673303582660265
2,64,8,1,8,prefill,32768,2,6.667776107788086,11.704095840454102,0.5696959593189205
2,64,8,1,8,prefill,32768,4,6.682400226593018,11.706560134887695,0.5708252594780802
2,64,8,1,8,prefill,32768,8,6.820576190948486,11.719264030456543,0.5819969729517886
2,64,8,1,8,prefill,32768,16,6.959839820861816,11.744576454162598,0.5926003247562887
2,64,8,1,8,prefill,32768,32,7.14028787612915,11.812512397766113,0.6044681804930392
2,64,8,1,8,prefill,65536,1,13.098655700683594,17.047744750976562,0.7683512330822088
2,64,8,1,8,prefill,65536,2,13.145343780517578,17.157888412475586,0.7661399505873656
2,64,8,1,8,prefill,65536,4,13.076383590698242,17.14646339416504,0.7626286126822018
2,64,8,1,8,prefill,65536,8,13.30361557006836,17.065183639526367,0.7795764669800876
2,64,8,1,8,prefill,65536,16,13.445343971252441,17.170495986938477,0.7830492480520224
2,64,8,1,8,prefill,65536,32,13.608896255493164,17.26652717590332,0.788166382090161
2,64,8,1,8,prefill,131072,1,25.479455947875977,32.1064338684082,0.7935934601864028
2,64,8,1,8,prefill,131072,2,25.786592483520508,32.03456115722656,0.8049616274422852
2,64,8,1,8,prefill,131072,4,25.734464645385742,32.07292938232422,0.8023733765824433
2,64,8,1,8,prefill,131072,8,25.969568252563477,32.08969497680664,0.8092806201907937
2,64,8,1,8,prefill,131072,16,26.290687561035156,32.072574615478516,0.8197248857080227
2,64,8,1,8,prefill,131072,32,26.62303924560547,32.028926849365234,0.8312185847129966
