config,phase,context,batch,dense_ms,original_sparse_ms,reduced_sparse_ms,speedup_vs_original_sparse,speedup_vs_dense,dense_rerun_ratio
1,decode,16384,1,0.0793600007891655,0.1363839954137802,0.12067200243473053,1.1302041290609066,0.6576504838567669,1.0243700878120614
1,decode,16384,2,0.08486399799585342,0.1541759967803955,0.15503999590873718,0.9944272500571384,0.5473684225701851,1.0037849519145694
1,decode,16384,4,0.10409600287675858,0.17068800330162048,0.1706240028142929,1.0003750966234055,0.61009002930295,1.0077447927944252
1,decode,16384,8,0.13411200046539307,0.20179200172424316,0.19791999459266663,1.0195634965509444,0.67760713484964,0.9969077386948922
1,decode,16384,16,0.19472000002861023,0.2606399953365326,0.2409919947385788,1.0815296815948903,0.80799364410356,1.0
1,decode,16384,32,0.3126719892024994,0.30035200715065,0.27190399169921875,1.1046252218426442,1.1499352666671343,0.9873686080858864
1,decode,32768,1,0.08531200140714645,0.15702399611473083,0.14079999923706055,1.1152272511760064,0.6059091041862104,0.9443853959848716
1,decode,32768,2,0.10246399790048599,0.17164799571037292,0.18294399976730347,0.9382543069392899,0.5600839493550791,0.9744369533820776
1,decode,32768,4,0.13359999656677246,0.19020800292491913,0.1998720020055771,0.9516490604802753,0.6684277699036836,0.9973721175250716
1,decode,32768,8,0.19308799505233765,0.229312002658844,0.2329919934272766,0.9842055054583614,0.8287323191326996,0.9970257539469449
1,decode,32768,16,0.3125759959220886,0.30486398935317993,0.30275198817253113,1.0069760109368637,1.0324490280273866,1.0006145851102113
1,decode,32768,32,0.551584005355835,0.37696000933647156,0.359360009431839,1.0489759557065317,1.5349064750635693,0.9992464115465429
1,decode,65536,1,0.10441599786281586,0.17667199671268463,0.15782399475574493,1.1194241850620348,0.6615977375583127,0.9899878583338537
1,decode,65536,2,0.1355839967727661,0.19305600225925446,0.2317119985818863,0.8331722286320407,0.5851401636624836,1.0085693424621123
1,decode,65536,4,0.19286400079727173,0.22300800681114197,0.25328001379966736,0.8804800799937214,0.7614655333595257,0.9960336833706519
1,decode,65536,8,0.31116798520088196,0.2784320116043091,0.3000960052013397,0.927809790128676,1.0368947930250316,1.0017512548437024
1,decode,65536,16,0.5480639934539795,0.38652798533439636,0.3959679901599884,0.976159676892625,1.3841118652862259,1.0004673205818104
1,decode,65536,32,1.025439977645874,0.5278080105781555,0.5030400156974792,1.049236629508161,2.038485897039567,1.0009996015557943
1,decode,131072,1,0.13568000495433807,0.20854400098323822,0.1849599927663803,1.1275086999308357,0.7335640693158606,1.0052157817887797
1,decode,131072,2,0.19148799777030945,0.2335679978132248,0.31830400228500366,0.7337890699975937,0.6015884072951573,0.9835633970954034
1,decode,131072,4,0.31139200925827026,0.27747198939323425,0.35628798604011536,0.7787857021987629,0.8739896416917349,1.0050610005725296
1,decode,131072,8,0.5473600029945374,0.36719998717308044,0.4307200014591217,0.8525259703035413,1.2708023800619475,0.9992406004859983
1,decode,131072,16,1.0219199657440186,0.5449600219726562,0.5672320127487183,0.960735659702746,1.8015907825652382,1.0016308879283915
1,decode,131072,32,1.9621119499206543,0.8272960186004639,0.7885760068893433,1.049101179052933,2.4881709978223916,0.9980304839918387
1,prefill,16384,1,2.659359931945801,5.504799842834473,4.507264137268066,1.221317339118943,0.5900164381219705,1.000144361551623
1,prefill,16384,2,2.696959972381592,5.521344184875488,4.529151916503906,1.219068003604848,0.5954668825644956,1.0023667362831599
1,prefill,16384,4,2.725696086883545,5.533088207244873,4.561791896820068,1.2129199078769628,0.5975055742423436,1.0051688074410852
1,prefill,16384,8,2.729151964187622,5.549280166625977,4.5583038330078125,1.217400237000934,0.5987209418611268,1.0006570287874943
1,prefill,16384,16,2.727423906326294,5.577663898468018,4.588672161102295,1.215528959717215,0.5943819498473628,0.9965274644174645
1,prefill,16384,32,2.729504108428955,5.601503849029541,4.589856147766113,1.2204094570057054,0.5946818419913676,0.996320660070694
1,prefill,32768,1,5.009280204772949,7.830111980438232,5.966559886932373,1.312332756030373,0.8395591931866796,1.0106984572478295
1,prefill,32768,2,4.9944000244140625,7.83465576171875,5.974912166595459,1.311258733730137,0.835895137059379,0.9962785618759
1,prefill,32768,4,5.017248153686523,7.829792022705078,6.0116801261901855,1.3024299128282286,0.8345833524689097,1.0018082555931958
1,prefill,32768,8,5.010272026062012,7.861248016357422,6.040448188781738,1.3014345576139954,0.8294536877854594,0.9998531713047437
1,prefill,32768,16,5.0298237800598145,7.880896091461182,6.02623987197876,1.3077634244375727,0.8346537620329134,0.9958122904681957
1,prefill,32768,32,5.03331184387207,7.9416961669921875,6.058720111846924,1.3107877605145326,0.8307549698541412,0.9831055481336715
1,prefill,65536,1,9.663488388061523,12.020928382873535,8.684063911437988,1.3842514870302236,1.1127841165854977,1.0105308444760737
1,prefill,65536,2,9.748607635498047,12.04361629486084,8.726719856262207,1.3800851285742215,1.1170987262187113,1.0019964145504283
1,prefill,65536,4,9.80412769317627,12.042240142822266,8.690688133239746,1.385648634285202,1.1281186878260987,0.998077992887496
1,prefill,65536,8,9.825823783874512,12.043264389038086,8.729087829589844,1.3796704334001375,1.1256415304434164,1.0070744596728332
1,prefill,65536,16,9.848095893859863,12.091039657592773,8.781824111938477,1.3768255323123102,1.121418029822738,0.994284715672837
1,prefill,65536,32,10.029120445251465,12.191904067993164,8.831232070922852,1.380543956956521,1.1356422710566858,0.9947471709478409
1,prefill,131072,1,18.83145523071289,21.187103271484375,16.208415985107422,1.3071668009354807,1.1618319302771822,1.0002872261562017
1,prefill,131072,2,19.0947208404541,21.152576446533203,16.22640037536621,1.3035901960514649,1.1767687471487747,0.9956899758395968
1,prefill,131072,4,19.231935501098633,21.170560836791992,16.22483253479004,1.3048246132215597,1.1853395380112937,0.9928271392448936
1,prefill,131072,8,19.08880043029785,21.184640884399414,16.236255645751953,1.3047737943164348,1.175689817084904,0.982000439387013
1,prefill,131072,16,19.538976669311523,21.174943923950195,16.254560470581055,1.302707874646902,1.2020612125855323,0.9994991796420086
1,prefill,131072,32,19.749088287353516,21.421823501586914,16.299104690551758,1.3142944909118037,1.2116670616148406,0.9930185136557896
2,decode,16384,1,0.09561599791049957,0.15692800283432007,0.1520960032939911,1.0317694050841628,0.62865555859269,0.9986630914089071
2,decode,16384,2,0.1106560006737709,0.18134400248527527,0.16291199624538422,1.1131408776805365,0.6792378905424291,0.9994219609225397
2,decode,16384,4,0.14028799533843994,0.20444799959659576,0.1929280012845993,1.0597113857775504,0.7271520691881992,0.9727090668807172
2,decode,16384,8,0.20502400398254395,0.24755200743675232,0.22188800573349,1.1156619602687645,0.923997686602306,1.0025035396378232
2,decode,16384,16,0.3221760094165802,0.3073599934577942,0.2728640139102936,1.126421872394069,1.1807200399921491,0.992997398285683
2,decode,16384,32,0.567903995513916,0.44569599628448486,0.40560001134872437,1.0988559758724636,1.4001577406901178,0.9923395538504337
2,decode,32768,1,0.11055999994277954,0.18111999332904816,0.17955200374126434,1.008732788023036,0.6157547542721787,0.9702330509790558
2,decode,32768,2,0.14009599387645721,0.19750399887561798,0.19260799884796143,1.025419505196777,0.7273633219513614,0.9754901141918053
2,decode,32768,4,0.1998399943113327,0.22937600314617157,0.21862399578094482,1.0491803625069591,0.9140807878727403,0.983774403387972
2,decode,32768,8,0.3198400139808655,0.2913919985294342,0.28169599175453186,1.0344201091201588,1.135408466370981,0.9889185794470099
2,decode,32768,16,0.5644159913063049,0.38355201482772827,0.3606399893760681,1.0635315720014842,1.5650399510125963,1.0006807647602682
2,decode,32768,32,1.0509120225906372,0.5964800119400024,0.5549119710922241,1.074909252301695,1.8938355583177353,0.998601274552882
2,decode,65536,1,0.13967999815940857,0.20371200144290924,0.23583999276161194,0.8637720814756902,0.5922659533855977,0.9835511805636873
2,decode,65536,2,0.20367999374866486,0.22819200158119202,0.2550719976425171,0.894618004681967,0.7985196165441961,0.9989013989277513
2,decode,65536,4,0.32211199402809143,0.27798399329185486,0.2950400114059448,0.9421908302104062,1.0917569874443176,0.9975225029623551
2,decode,65536,8,0.5628479719161987,0.3718079924583435,0.3733440041542053,0.9958858005518487,1.5075854055599647,1.000910388573431
2,decode,65536,16,1.0428800582885742,0.5338240265846252,0.5028160214424133,1.0616686895800578,2.074078815740388,1.002183348334617
2,decode,65536,32,2.0106561183929443,0.893280029296875,0.8503040075302124,1.0505419489806833,2.3646320616941265,0.998633249041279
2,decode,131072,1,0.20281599462032318,0.2412160038948059,0.3255999982357025,0.7408353968116091,0.6228992497521584,1.00459660623034
2,decode,131072,2,0.321727991104126,0.2836799919605255,0.35679998993873596,0.7950672644616232,0.9017040363688575,0.9972227520942518
2,decode,131072,4,0.561024010181427,0.3647040128707886,0.42287999391555786,0.8624291007335143,1.326674276989926,0.9983486405904122
2,decode,131072,8,1.0436160564422607,0.5281599760055542,0.5546560287475586,0.9522297579603817,1.881555418767914,1.002274282994076
2,decode,131072,16,1.9971519708633423,0.8325440287590027,0.8008319735527039,1.039598887474005,2.4938464457199983,1.0013959378650448
2,decode,131072,32,3.954047918319702,1.4903039932250977,1.442463994026184,1.0331654719958612,2.741176164323674,0.9985857390010469
2,prefill,16384,1,3.5482559204101562,9.8985595703125,8.644031524658203,1.1451322848691141,0.4104862309083792,0.9977683991753683
2,prefill,16384,2,3.606015920639038,9.9716157913208,8.757984161376953,1.1385743120313017,0.411740402151183,1.0001952151781124
2,prefill,16384,4,3.6328320503234863,9.9749116897583,8.752415657043457,1.1396752714470373,0.4150662163079498,1.0019328229288533
2,prefill,16384,8,3.649535894393921,10.03433609008789,8.784031867980957,1.1423383067022412,0.41547389049179084,0.9997983716897393
2,prefill,16384,16,3.6510400772094727,10.112768173217773,8.812512397766113,1.1475465470869877,0.41430183725301495,0.999877313439872
2,prefill,16384,32,3.6712958812713623,10.1778564453125,8.875231742858887,1.1467707819011848,0.41365634021053355,0.9871792291010247
2,prefill,32768,1,6.589183807373047,13.977727890014648,11.614368438720703,1.2034858342718688,0.5673303582660265,0.9924282969169377
2,prefill,32768,2,6.667776107788086,13.984416007995605,11.704095840454102,1.1948309547893305,0.5696959593189205,0.989773018847558
2,prefill,32768,4,6.682400226593018,13.993375778198242,11.706560134887695,1.1953447995791195,0.5708252594780802,0.9956897050908813
2,prefill,32768,8,6.820576190948486,14.010368347167969,11.719264030456543,1.1954989930047828,0.5819969729517886,0.996633385365197
2,prefill,32768,16,6.959839820861816,14.10204792022705,11.744576454162598,1.2007285213958399,0.5926003247562887,1.0287536806041886
2,prefill,32768,32,7.14028787612915,14.255743980407715,11.812512397766113,1.2068342026124472,0.6044681804930392,1.0248150110048948
2,prefill,65536,1,13.098655700683594,21.51603126525879,17.047744750976562,1.2621042595107055,0.7683512330822088,1.0009144910429941
2,prefill,65536,2,13.145343780517578,21.419296264648438,17.157888412475586,1.2483643528695734,0.7661399505873656,0.9995449656265947
2,prefill,65536,4,13.076383590698242,21.455232620239258,17.14646339416504,1.2512920085631476,0.7626286126822018,0.9974078389829738
2,prefill,65536,8,13.30361557006836,21.44419288635254,17.065183639526367,1.2566048710242714,0.7795764669800876,0.9996489367671269
2,prefill,65536,16,13.445343971252441,21.435007095336914,17.170495986938477,1.2483627212424402,0.7830492480520224,0.9997882487412111
2,prefill,65536,32,13.608896255493164,21.640832901000977,17.26652717590332,1.2533402160454312,0.788166382090161,0.995680396207892
2,prefill,131072,1,25.479455947875977,38.642112731933594,32.1064338684082,1.2035629023862506,0.7935934601864028,0.9997476415297324
2,prefill,131072,2,25.786592483520508,38.600318908691406,32.03456115722656,1.2049585670688576,0.8049616274422852,0.9985576620179925
2,prefill,131072,4,25.734464645385742,38.6038703918457,32.07292938232422,1.203627829926903,0.8023733765824433,0.9914893970378196
2,prefill,131072,8,25.969568252563477,38.5807991027832,32.08969497680664,1.2022800195099428,0.8092806201907937,0.9983122840542225
2,prefill,131072,16,26.290687561035156,38.57913589477539,32.072574615478516,1.2028699397321458,0.8197248857080227,0.9999415293682894
2,prefill,131072,32,26.62303924560547,38.5753288269043,32.028926849365234,1.2043903003159409,0.8312185847129966,0.9930709132888033
