config,phase,context,batch,dense_ms,sparse_ms,speedup_dense_over_sparse
1,decode,16384,1,0.07782399654388428,0.13523200154304504,0.5754850601624238
1,decode,16384,2,0.08406399935483932,0.15411199629306793,0.5454734308611418
1,decode,16384,4,0.1037760004401207,0.1674879938364029,0.6196026238244031
1,decode,16384,8,0.13446399569511414,0.19603200256824493,0.6859287969998825
1,decode,16384,16,0.19472000002861023,0.25094398856163025,0.7759500482347208
1,decode,16384,32,0.3158720135688782,0.2724800109863281,1.1592483882596705
1,decode,32768,1,0.08761599659919739,0.14531199634075165,0.6029508836540989
1,decode,32768,2,0.10534399747848511,0.16835199296474457,0.6257365631575608
1,decode,32768,4,0.13369600474834442,0.18396799266338348,0.7267351391552958
1,decode,32768,8,0.1939840018749237,0.21823999285697937,0.8888563426688183
1,decode,32768,16,0.3123199939727783,0.28806400299072266,1.0842034781514747
1,decode,32768,32,0.551967978477478,0.34751999378204346,1.5883056755107439
1,decode,65536,1,0.1053759977221489,0.1746560037136078,0.6033345289116955
1,decode,65536,2,0.13462400436401367,0.18678399920463562,0.7207469854873552
1,decode,65536,4,0.19487999379634857,0.21347199380397797,0.9129066081394189
1,decode,65536,8,0.31113600730895996,0.2614080011844635,1.1902313850347899
1,decode,65536,16,0.5500159859657288,0.35814398527145386,1.5357398381236147
1,decode,65536,32,1.0223679542541504,0.4691520035266876,2.1791827522185847
1,decode,131072,1,0.13529600203037262,0.19475199282169342,0.6947092046151427
1,decode,131072,2,0.19439999759197235,0.22115199267864227,0.8790334431869965
1,decode,131072,4,0.31068798899650574,0.25942400097846985,1.1976069593587464
1,decode,131072,8,0.546783983707428,0.3359360098838806,1.6276432642527037
1,decode,131072,16,1.0194560289382935,0.4865280091762543,2.0953696595276092
1,decode,131072,32,1.9648640155792236,0.7113280296325684,2.762247421339717
1,prefill,16384,1,2.670624017715454,5.465663909912109,0.4886184115478112
1,prefill,16384,2,2.693824052810669,5.506495952606201,0.48920839604643557
1,prefill,16384,4,2.7188479900360107,5.531231880187988,0.49154474969210765
1,prefill,16384,8,2.724287986755371,5.532032012939453,0.4924570176714897
1,prefill,16384,16,2.738271951675415,5.530144214630127,0.4951538052897883
1,prefill,16384,32,2.735935926437378,5.571872234344482,0.49102632138140806
1,prefill,32768,1,4.935840129852295,7.751520156860352,0.6367576978412309
1,prefill,32768,2,4.984960079193115,7.789279937744141,0.6399770093045101
1,prefill,32768,4,5.019968032836914,7.75216007232666,0.6475573241523982
1,prefill,32768,8,5.022208213806152,7.788383960723877,0.6448331565486112
1,prefill,32768,16,5.033792018890381,7.82041597366333,0.6436731800255369
1,prefill,32768,32,5.05782413482666,7.9154558181762695,0.6389807802618737
1,prefill,65536,1,9.594783782958984,11.947199821472168,0.8030989626301143
1,prefill,65536,2,9.683263778686523,11.95359992980957,0.8100709272140401
1,prefill,65536,4,9.811871528625488,12.039263725280762,0.8149893342748142
1,prefill,65536,8,9.809951782226562,11.956128120422363,0.8204957059192182
1,prefill,65536,16,9.90441608428955,12.1046724319458,0.8182308228474248
1,prefill,65536,32,10.043423652648926,12.12723159790039,0.8281711758838481
1,prefill,131072,1,18.925024032592773,21.21776008605957,0.8919425969486212
1,prefill,131072,2,18.889055252075195,21.11756706237793,0.8944711858274172
1,prefill,131072,4,19.368959426879883,21.237567901611328,0.9120140082240928
1,prefill,131072,8,19.388896942138672,21.107200622558594,0.9185915881908346
1,prefill,131072,16,19.41551971435547,21.11187171936035,0.9196493789108586
1,prefill,131072,32,19.715808868408203,21.23472023010254,0.9284703850469801
2,decode,16384,1,0.09567999839782715,0.15404799580574036,0.6211051166058844
2,decode,16384,2,0.11088000237941742,0.1759359985589981,0.6302291929314005
2,decode,16384,4,0.14422400295734406,0.19760000705718994,0.7298785314091732
2,decode,16384,8,0.20492799580097198,0.23715199530124664,0.8641209007778259
2,decode,16384,16,0.3248960077762604,0.2882879972457886,1.1269841647249037
2,decode,16384,32,0.57123202085495,0.41203200817108154,1.3863777801887815
2,decode,32768,1,0.1143999993801117,0.1781120002269745,0.6422924858197521
2,decode,32768,2,0.14339199662208557,0.19200000166893005,0.7468333092482969
2,decode,32768,4,0.20291200280189514,0.2184000015258789,0.929084255422276
2,decode,32768,8,0.3234559893608093,0.27296000719070435,1.1849940681413662
2,decode,32768,16,0.5648959875106812,0.35094401240348816,1.6096470307098663
2,decode,32768,32,1.0526080131530762,0.5331839919090271,1.9741928286036656
2,decode,65536,1,0.14287999272346497,0.1950400024652481,0.7325676318575882
2,decode,65536,2,0.20323200523853302,0.21756799519062042,0.9341080017788138
2,decode,65536,4,0.3222079873085022,0.2576960027217865,1.2503414251883607
2,decode,65536,8,0.5615040063858032,0.33904001116752625,1.6561585296443173
2,decode,65536,16,1.0419199466705322,0.47328001260757446,2.2014873202229484
2,decode,65536,32,2.016416072845459,0.7683519721031189,2.624339034786573
2,decode,131072,1,0.20342400670051575,0.2226880043745041,0.9134933301499651
2,decode,131072,2,0.3226560056209564,0.26582399010658264,1.2137956603976445
2,decode,131072,4,0.560096025466919,0.33299198746681213,1.6820105184144747
2,decode,131072,8,1.040768027305603,0.4659839868545532,2.2334845330864472
2,decode,131072,16,1.994431972503662,0.70796799659729,2.8171216525175007
2,decode,131072,32,3.9626240730285645,1.2455999851226807,3.1812974633572115
2,prefill,16384,1,3.5512640476226807,9.863615989685059,0.3600367300730724
2,prefill,16384,2,3.6080000400543213,9.938591957092285,0.36302929586314425
2,prefill,16384,4,3.641792058944702,9.937439918518066,0.36647185681679967
2,prefill,16384,8,3.6576640605926514,9.959039688110352,0.367270758541044
2,prefill,16384,16,3.657599925994873,10.026464462280273,0.3647945833503749
2,prefill,16384,32,3.6384639739990234,10.09171199798584,0.3605398147237266
2,prefill,32768,1,6.740767955780029,13.75011157989502,0.49023369131317945
2,prefill,32768,2,6.631199836730957,13.855744361877441,0.47858849467344206
2,prefill,32768,4,6.864192008972168,13.865471839904785,0.4950565035383105
2,prefill,32768,8,6.8494720458984375,13.875167846679688,0.4936496712389327
2,prefill,32768,16,6.968448162078857,13.91312026977539,0.5008544472383372
2,prefill,32768,32,6.671264171600342,13.924223899841309,0.47911210129825427
2,prefill,65536,1,13.097567558288574,21.052383422851562,0.6221417924619244
2,prefill,65536,2,12.93785572052002,21.05580711364746,0.6144554635540075
2,prefill,65536,4,13.229439735412598,21.12041664123535,0.6263815700294252
2,prefill,65536,8,13.244928359985352,21.0710391998291,0.6285844867154333
2,prefill,65536,16,13.4334716796875,21.03343963623047,0.6386721293339065
2,prefill,65536,32,13.678976058959961,21.258560180664062,0.6434573152043388
2,prefill,131072,1,25.562271118164062,38.37206268310547,0.6661688043530345
2,prefill,131072,2,25.57734489440918,38.363712310791016,0.6667067224152533
2,prefill,131072,4,25.786176681518555,38.345054626464844,0.6724772446593817
2,prefill,131072,8,26.012832641601562,38.3256950378418,0.6787308779636525
2,prefill,131072,16,26.28175926208496,38.316001892089844,0.6859212330165039
2,prefill,131072,32,26.732831954956055,38.35113525390625,0.6970545142397887
